invoice_id,status,total,schema_paid,allocation_total,variance,mahnstufe,payment_source,status_consistency
005b45e4-c6b2-4e3e-be42-56cbd2d0d707,bezahlt,112.42,112.42,112.42,0.00,0,seed,consistent
00f0e300-5ed4-454b-8d28-202f507185d3,bezahlt,459.98,459.98,459.98,0.00,0,seed,consistent
01853b18-e5a4-45da-b26b-7ba99a1ba649,offen,503.74,0.00,0,0.00,0,none,consistent
01940f6b-a631-4327-b716-91da0999727b,offen,557.49,0.00,0,0.00,0,none,consistent
01b93842-4cf4-4dae-ac65-16dfc3acfa95,offen,55.37,0.00,0,0.00,0,none,consistent
02324c3a-fbb9-40c8-bc13-7bc76bfe3669,offen,20.55,0.00,0,0.00,0,none,consistent
0248a5cc-6d81-4d5c-8646-fe0f44f15d36,offen,82.31,0.00,0,0.00,0,none,consistent
0265f859-c4da-4893-aa8e-7ba1401ead0d,bezahlt,670.19,670.19,670.19,0.00,0,seed,consistent
027a128c-e839-42c0-b23c-d8ce9c37da1d,bezahlt,721.39,721.39,721.39,0.00,0,seed,consistent
02a39be8-0627-43b4-95e5-5b8118ee710b,offen,46.45,0.00,0,0.00,0,none,consistent
02c3c5d0-5c6b-41ff-b070-8aa548f47f27,bezahlt,75.75,75.75,75.75,0.00,0,seed,consistent
02e3e14c-a262-4ff0-a4d6-186b8632da1d,offen,740.00,0.00,0,0.00,0,none,consistent
036491a3-d9d2-4ae9-995e-666020cadc6c,bezahlt,943.00,943.00,943.00,0.00,0,seed,consistent
0383a8bb-ac53-42be-88dd-b4fe559d6466,bezahlt,920.62,920.62,920.62,0.00,0,seed,consistent
03ac7b2e-792b-4755-ac5c-4444166a0041,bezahlt,562.38,562.38,562.38,0.00,0,seed,consistent
0430ebfb-51e2-4ebc-830a-3cf8121972eb,offen,629.78,0.00,0,0.00,0,none,consistent
04612293-fb8c-427f-8ade-6a532643f7cf,offen,77.55,0.00,0,0.00,0,none,consistent
065596cd-49b2-4397-850d-e0b0c0ccdfff,bezahlt,950.67,950.67,950.67,0.00,0,seed,consistent
0670bb03-217d-4554-a163-aec94166ae0d,bezahlt,721.39,721.39,721.39,0.00,0,seed,consistent
06977fcd-1284-4d2f-8852-be5e81c5ab23,bezahlt,686.90,686.90,686.90,0.00,0,seed,consistent
0798a67e-473c-41d9-b2da-af2f4c2fa333,bezahlt,639.39,639.39,639.39,0.00,0,seed,consistent
079cc5ab-9e70-42af-9ab7-d1f47d2078cc,bezahlt,943.00,943.00,943.00,0.00,0,seed,consistent
07ebcfa3-3cc3-45ba-a8b3-fec0b0a41200,offen,452.28,0.00,0,0.00,0,none,consistent
08644e42-9113-493f-a9c4-23945c1c52a5,bezahlt,721.39,721.39,721.39,0.00,0,seed,consistent
08a6702c-9371-47bc-9373-e80e32fd6988,offen,578.41,0.00,0,0.00,0,none,consistent
09810a85-e037-43f7-80d8-3c2f6432d102,bezahlt,943.00,943.00,943.00,0.00,0,seed,consistent
0a344f00-7fdb-4af9-b0ef-695939b12ff3,bezahlt,721.39,721.39,721.39,0.00,0,seed,consistent
0a78c9d6-f904-41d1-b506-2b1a6a225352,bezahlt,681.30,681.30,681.30,0.00,0,seed,consistent
0a874594-001b-4e19-b1e3-aeb778a4f08e,offen,832.71,0.00,0,0.00,0,none,consistent
0aee521c-240b-4e96-88b5-da5a37c35eb3,bezahlt,0.00,0.00,0,0.00,0,none,consistent
0af6f361-712b-4e19-8d31-2689a4598834,offen,920.62,0.00,0,0.00,0,none,consistent
0b0288cd-de34-4256-9a7d-e363b08a80cb,offen,2089.37,0.00,0,0.00,0,none,consistent
0b3a1fd8-2120-46fe-873f-82f276adb774,offen,84.79,0.00,0,0.00,0,none,consistent
0bf15ad3-c85d-4454-872f-6ec893d2dd22,bezahlt,920.62,920.62,920.62,0.00,0,seed,consistent
0cba90d6-3901-4767-a6de-db25f8334358,offen,639.39,0.00,0,0.00,0,none,consistent
0db10251-0116-4c9d-82ee-f37e98f525f4,bezahlt,192.20,192.20,192.20,0.00,0,seed,consistent
0dcf9f4f-da6d-4d8f-be8b-3b57c50a757a,offen,740.00,0.00,0,0.00,0,none,consistent
0e2524f8-93b1-4e3a-8ff5-055213c94c52,bezahlt,617.76,617.76,617.76,0.00,0,seed,consistent
0e4344a9-2cd4-41cc-b616-95a667c09b27,bezahlt,920.62,920.62,920.62,0.00,0,seed,consistent
0e669ef1-024a-4382-ba34-5dbad0b61b5d,offen,77.55,0.00,0,0.00,0,none,consistent
0e82666e-ade1-4410-85ec-53bef292a6ca,bezahlt,27.58,27.58,27.58,0.00,0,seed,consistent
0e8effa9-0fab-4ac6-894a-869a7c8f5cd7,bezahlt,104.78,104.78,104.78,0.00,0,seed,consistent
0eac71e5-6858-4fba-bc90-71798cf8fbb0,bezahlt,323.91,323.91,323.91,0.00,0,seed,consistent
0f3bcf9c-7150-4a47-9ccd-317d34a22325,bezahlt,2207.74,2207.74,2207.74,0.00,0,seed,consistent
0f99212d-056d-40a1-8ee4-b85b3eff2486,offen,414.31,0.00,0,0.00,0,none,consistent
0fb9b42c-f331-4d9c-aecf-9b954094e265,bezahlt,558.07,558.07,558.07,0.00,0,seed,consistent
0fd327dd-3f73-4fcf-9fac-85736fb5db03,bezahlt,950.67,950.67,950.67,0.00,0,seed,consistent
0ff3f523-4461-4905-a3ce-38f1ba9580d6,bezahlt,498.43,498.43,498.43,0.00,0,seed,consistent
1000f0fd-9433-4b5b-9fca-f62de963d282,offen,556.17,0.00,0,0.00,0,none,consistent
100a90c8-c4e6-4b3e-947f-fda92351d933,offen,101.75,0.00,0,0.00,0,none,consistent
1046ba33-40cd-4682-be71-4eb556530708,bezahlt,558.07,558.07,558.07,0.00,0,seed,consistent
1063c4e4-4173-435c-b277-763dd5299112,offen,562.38,0.00,0,0.00,0,none,consistent
10bbc50a-5dc9-4d48-9848-ad2884ef75f4,bezahlt,112.42,112.42,112.42,0.00,0,seed,consistent
10c80b73-3063-4ff6-a245-67411046c940,offen,740.00,0.00,0,0.00,0,none,consistent
10c98429-da0b-4566-9152-f6c477b6f60b,offen,116.83,0.00,0,0.00,0,none,consistent
10df29e0-6f66-4dff-bb3a-f48874abddf2,offen,84.79,0.00,0,0.00,0,none,consistent
1139b89c-5b14-4e34-bee1-833de595456f,offen,381.29,0.00,0,0.00,0,none,consistent
118355ae-a918-4a6d-96be-93657f83fc04,offen,410.31,0.00,0,0.00,0,none,consistent
11b10355-8c7d-44b6-807d-20e700ec4f6c,bezahlt,629.78,629.78,629.78,0.00,0,seed,consistent
11c9a166-3e2f-4b90-8a2f-ceb70cd83f85,bezahlt,92.59,92.59,92.59,0.00,0,seed,consistent
12111abf-dc28-48ee-aea3-4f0380270279,bezahlt,920.62,920.62,920.62,0.00,0,seed,consistent
1262cce1-bb99-4be9-a6f8-2f0e10d76d97,bezahlt,112.42,112.42,112.42,0.00,0,seed,consistent
12dca75f-4ff4-487e-bc2a-d2d9da0963a2,offen,20.55,0.00,0,0.00,0,none,consistent
12e6c5bb-3d0c-4e38-82f1-13d9902b9d83,bezahlt,943.00,943.00,943.00,0.00,0,seed,consistent
13029e19-c2b9-49a7-85c2-b33600f15aaa,bezahlt,943.00,943.00,943.00,0.00,0,seed,consistent
13d98f15-f776-49fc-9297-cb456ba30f23,bezahlt,1532.70,1532.70,1532.70,0.00,0,seed,consistent
13dde346-f572-4bd0-9e16-0e88db5db878,bezahlt,604.78,604.78,604.78,0.00,0,seed,consistent
13ec1b00-6bca-4d10-a959-0538d649743f,bezahlt,130.64,130.64,130.64,0.00,0,seed,consistent
146b7fca-e6ef-41cb-a30a-b78662bea678,offen,569.25,0.00,0,0.00,0,none,consistent
1479aa64-35c4-48e8-bb84-7cc721c6f6c8,bezahlt,14.04,14.04,14.04,0.00,0,seed,consistent
14e70f23-c222-4ace-ae69-ac2b66816304,bezahlt,100.80,100.80,100.80,0.00,0,seed,consistent
15019b7d-0583-4441-8390-25d4fc8f6568,offen,327.72,0.00,0,0.00,0,none,consistent
15029c78-9a6f-40c0-864a-aa2ccfd5ace7,offen,617.14,0.00,0,0.00,0,none,consistent
150be7ec-bc1a-4a33-967a-be6afbea4360,bezahlt,608.20,608.20,608.20,0.00,0,seed,consistent
15255ce3-cdb3-4441-8c5f-1c8fa4c7e649,offen,493.48,0.00,0,0.00,0,none,consistent
15631210-8996-4134-a98e-ee9d69b646ce,offen,943.00,0.00,0,0.00,0,none,consistent
15932da9-49aa-4123-9b50-304b3822f0a1,offen,116.83,0.00,0,0.00,0,none,consistent
15a025b0-8018-48e2-a97d-a83cb0c36277,offen,1104.80,0.00,0,0.00,0,none,consistent
15b8eca9-4b1e-4aaf-a026-9d0005945a39,bezahlt,101.75,101.75,101.75,0.00,0,seed,consistent
1650f78e-bfe2-48dd-ae7e-d5bd48b4d4df,bezahlt,115.63,115.63,115.63,0.00,0,seed,consistent
167119be-2c6e-4435-a233-efe06e1ea509,bezahlt,616.27,616.27,616.27,0.00,0,seed,consistent
1677cb13-940b-4e01-bb9c-08941a5c0f9c,bezahlt,617.76,617.76,617.76,0.00,0,seed,consistent
16b22287-bfc9-43ef-8a69-4008ea3a9e3e,bezahlt,0.00,0.00,0,0.00,0,none,consistent
172b3a0b-56c9-41c0-86cc-3a03e40cbde5,offen,1104.80,0.00,0,0.00,0,none,consistent
1762c557-a674-42c7-888b-665494d7c303,bezahlt,1532.70,1532.70,1532.70,0.00,0,seed,consistent
17b7a74b-190d-4379-869c-501aa659c131,bezahlt,1532.70,1532.70,1532.70,0.00,0,seed,consistent
18470b22-ea3a-4250-95dd-c7ace0df0a8c,offen,523.76,0.00,0,0.00,0,none,consistent
1854c554-dbd0-43df-b2f7-5a62c6eaa051,bezahlt,80.40,80.40,80.40,0.00,0,seed,consistent
186e430b-70c4-44d0-8fe7-a3de701a0edf,offen,840.95,0.00,0,0.00,0,none,consistent
1870f667-a1dc-4eb3-9f82-045cda876b96,offen,503.74,0.00,0,0.00,0,none,consistent
18a95d1f-2f5b-4293-b265-26723a0b867e,bezahlt,192.20,192.20,192.20,0.00,0,seed,consistent
18fba092-3f1d-4ded-aed6-926eb3411547,offen,638.18,0.00,0,0.00,0,none,consistent
19671514-9883-4759-82e1-7bf629611f0a,offen,84.79,0.00,0,0.00,0,none,consistent
19c8f14b-b9cb-42d8-a486-5692922de1a0,offen,70.19,0.00,0,0.00,0,none,consistent
19cac60e-371e-4c5c-8f0c-af3ddf9bde15,bezahlt,93.06,93.06,93.06,0.00,0,seed,consistent
1a01d9a3-28f7-4e29-887d-09b51aed30f7,offen,254.60,0.00,0,0.00,0,none,consistent
1a273689-a077-47eb-9380-63c4bebed2ee,bezahlt,75.90,75.90,75.90,0.00,0,seed,consistent
1a3e5944-13d2-408c-bf02-546cce887875,offen,547.12,0.00,0,0.00,0,none,consistent
1a8678ff-9f02-4eec-8274-62fd060d024c,bezahlt,686.90,686.90,686.90,0.00,0,seed,consistent
1a92a7c4-f3d3-4d55-bf2c-3bc51b5a3e2b,offen,501.00,0.00,0,0.00,0,none,consistent
1acb2c14-83f8-4e20-ba2c-ce05b9070e17,offen,20.45,0.00,0,0.00,0,none,consistent
1b4af1c0-8951-4cca-aa37-8ea077e432f6,bezahlt,0.00,0.00,0,0.00,0,none,consistent
1ba9568c-ca0f-46e7-a2a8-50ad08c90893,bezahlt,656.64,656.64,656.64,0.00,0,seed,consistent
1bd861a4-1ee7-40bf-b6ec-4b971d735609,offen,281.28,0.00,0,0.00,0,none,consistent
1c3b3cc2-cb79-4241-9904-4bedc43bbffd,bezahlt,558.07,558.07,558.07,0.00,0,seed,consistent
1c50d368-f991-4d97-879e-78b888ea5195,offen,75.75,0.00,0,0.00,0,none,consistent
1cdf84cb-dbf3-4b6e-9282-355dd6ad96f0,bezahlt,130.64,130.64,130.64,0.00,0,seed,consistent
1ceb5507-afe7-48f1-9cb1-a768bc82ee20,offen,1387.23,0.00,0,0.00,0,none,consistent
1d0c58d6-6e64-45b9-95cd-509a4fd049fe,offen,804.34,0.00,0,0.00,0,none,consistent
1d393dea-cba4-4f98-be2a-9dc21bfd61f5,offen,89.85,0.00,0,0.00,0,none,consistent
1d4ffa47-f19f-486a-a364-5507d8127153,bezahlt,1104.80,1104.80,1104.80,0.00,0,seed,consistent
1d7de173-34bf-4436-8e8a-87aa521868a5,teilbezahlt,943.00,583.00,583.00,0.00,0,seed,consistent
1d840a02-a045-4a6b-88a7-e03a72e6aaa4,bezahlt,943.00,943.00,943.00,0.00,0,seed,consistent
1d8cd59c-bca5-493e-9127-2045e24798d9,bezahlt,686.90,686.90,686.90,0.00,0,seed,consistent
1deeac37-a283-45ad-85ff-0ed3697f9f93,offen,1080.70,0.00,0,0.00,0,none,consistent
1e2be123-1189-4fbb-98f8-9882b1c3525b,bezahlt,943.00,943.00,943.00,0.00,0,seed,consistent
1e922630-e370-46af-a7cd-e9812069c0ce,offen,444.24,0.00,0,0.00,0,none,consistent
1eb9f0a1-2f33-4979-892c-5c26d4d028fa,bezahlt,656.64,656.64,656.64,0.00,0,seed,consistent
1ecf47b8-c945-4a27-bb74-2a3127c5662c,offen,302.32,0.00,0,0.00,0,none,consistent
1ef8a8af-6d54-4c3c-84b4-ea6fa2c4675f,offen,493.48,0.00,0,0.00,0,none,consistent
1f543692-09bb-4bf3-b5d6-402ffd6df08c,offen,116.83,0.00,0,0.00,0,none,consistent
1f795d81-923c-4009-bd4e-0fcdc9c05a69,bezahlt,950.67,950.67,950.67,0.00,0,seed,consistent
1f9cac47-dc9f-4f98-b383-a332765b3968,bezahlt,558.07,558.07,558.07,0.00,0,seed,consistent
206d5cff-ebba-4dfe-abef-ff50da69c61a,offen,525.15,0.00,0,0.00,0,none,consistent
2089d5f8-20aa-4058-9c2d-b3cf94a401fd,bezahlt,92.59,92.59,92.59,0.00,0,seed,consistent
20b85788-b52e-45c9-aaec-8a75729cfc9e,offen,92.59,0.00,0,0.00,0,none,consistent
21046aa8-abf9-4c57-b56b-ab1af97f4de2,offen,999.97,0.00,0,0.00,0,none,consistent
2113d6b5-ee01-4b79-9fe3-db0f976d90be,bezahlt,820.64,820.64,820.64,0.00,0,seed,consistent
21184b8a-c833-44de-805e-fe5e48536c50,offen,486.90,0.00,0,0.00,0,none,consistent
21577126-7e49-4d10-98e4-558912b61d6b,bezahlt,0.00,0.00,0,0.00,0,none,consistent
218e9954-5c5f-45a1-a2c2-07c4609d4d98,offen,130.64,0.00,0,0.00,0,none,consistent
21a286a8-9983-4990-b5c7-53955282f502,offen,498.43,0.00,0,0.00,0,none,consistent
21b8bfb9-ddbd-462c-885c-8624ea114d99,offen,1532.70,0.00,0,0.00,0,none,consistent
21d330ed-2489-4529-aefe-4db623daea99,bezahlt,192.20,192.20,192.20,0.00,0,seed,consistent
227e6cb2-7a88-444c-8bff-c1a38a1bec2d,bezahlt,459.98,459.98,459.98,0.00,0,seed,consistent
22882b22-2e8b-418e-85ec-1b5e46da34da,offen,548.76,0.00,0,0.00,0,none,consistent
22b43436-7545-496a-af46-913f1709ada0,bezahlt,555.31,555.31,555.31,0.00,0,seed,consistent
233a4ab8-8df8-4c55-b787-b724e0518944,bezahlt,617.76,617.76,617.76,0.00,0,seed,consistent
234b75e2-748c-4c66-9fe8-f70e0c0820f2,bezahlt,943.00,943.00,943.00,0.00,0,seed,consistent
23c62ea8-c442-4b6e-9cd2-87ce61fa6411,bezahlt,850.00,850.00,850.00,0.00,0,seed,consistent
24567db4-951f-4095-abd0-06eb919614df,bezahlt,920.62,920.62,920.62,0.00,0,seed,consistent
24853b78-e31f-4a1d-bb07-48d437c05386,offen,950.67,0.00,0,0.00,0,none,consistent
24927db3-9711-4d08-b520-82401e04326f,offen,1234.30,0.00,0,0.00,0,none,consistent
24fa5237-f3e5-48b5-8f58-642da1c080f8,offen,61.86,0.00,0,0.00,0,none,consistent
25127a6f-aaa7-4b17-8edf-3f28620fbdc2,bezahlt,605.91,605.91,605.91,0.00,0,seed,consistent
254e4bd4-6fc0-4795-98db-4eec56038e6a,bezahlt,1532.70,1532.70,1532.70,0.00,0,seed,consistent
25538a52-7578-4980-a013-dbf0100f6c44,offen,116.83,0.00,0,0.00,0,none,consistent
256e5c1b-3089-4634-8159-6486b1e5538b,offen,557.49,0.00,0,0.00,0,none,consistent
26426ca3-a783-474e-83dc-f986d1098f9e,bezahlt,943.00,943.00,943.00,0.00,0,seed,consistent
268b322a-30ae-45c6-89f2-fbb6377fbbd3,offen,20.55,0.00,0,0.00,0,none,consistent
26e4337e-b68e-4552-8117-c0262f5b5cd0,offen,686.90,0.00,0,0.00,0,none,consistent
26e78450-5f49-4f3a-ae9e-828ae37d9b1d,bezahlt,920.62,920.62,920.62,0.00,0,seed,consistent
2710bc8c-e96e-4359-993b-00de6fbe9e4b,bezahlt,192.20,192.20,192.20,0.00,0,seed,consistent
27315c28-fc62-4224-9a26-2cbe8163e0d8,bezahlt,430.04,430.04,430.04,0.00,0,seed,consistent
27784b3d-7f8d-4957-8015-a8ebd3dafad6,bezahlt,555.31,555.31,555.31,0.00,0,seed,consistent
27d0492d-cdec-41b0-b9b9-398dc9da77c3,bezahlt,943.00,943.00,943.00,0.00,0,seed,consistent
28608bd8-da2d-4358-bde4-861502daf333,offen,1333.64,0.00,0,0.00,0,none,consistent
28e51849-ecc1-4075-a972-13aafbab6fa7,bezahlt,943.00,943.00,943.00,0.00,0,seed,consistent
28fb89d7-f634-4466-958e-5f0f5a63ef6c,offen,466.48,0.00,0,0.00,0,none,consistent
292a8bc4-d9de-4bcc-9ee0-d1d84723d27d,bezahlt,430.04,430.04,430.04,0.00,0,seed,consistent
2a38298a-5aa1-4796-9234-8300ec84de8e,offen,70.19,0.00,0,0.00,0,none,consistent
2a3f7747-2ce8-4642-9e9b-e597f555963f,offen,503.24,0.00,0,0.00,0,none,consistent
2a403d18-5599-4a64-8f02-7d17108279ee,offen,1105.65,0.00,0,0.00,0,none,consistent
2a55d926-a1c8-45f7-b365-a6aa9e30adea,bezahlt,459.98,459.98,459.98,0.00,0,seed,consistent
2ac481a4-480a-44c7-8575-b76cb65435ee,bezahlt,617.76,617.76,617.76,0.00,0,seed,consistent
2acfffd1-7385-48f7-9f86-e567cbfc5df3,offen,744.22,0.00,0,0.00,0,none,consistent
2b5b9fb1-22a7-4dcd-a635-796ab88c60ac,offen,61.86,0.00,0,0.00,0,none,consistent
2b87816a-9376-4eb4-8549-b630c9dcc0f5,bezahlt,460.31,460.31,460.31,0.00,0,seed,consistent
2baa7ce9-001b-4f55-878e-ef8f95a3ca3b,offen,20.55,0.00,0,0.00,0,none,consistent
2be9cd62-0a6a-4239-a9c7-d5394733cc3a,offen,353.93,0.00,0,0.00,0,none,consistent
2bef8504-7791-4581-a411-2630077e3803,bezahlt,92.59,92.59,92.59,0.00,0,seed,consistent
2c027a43-61b1-403e-93e4-9a52df878827,bezahlt,0.00,0.00,0,0.00,0,none,consistent
2c62bc0e-51a1-4dfb-8f44-ca2aa1e79e92,bezahlt,943.00,943.00,943.00,0.00,0,seed,consistent
2c9ae290-d59b-47e3-a6b8-98bb69dc1c92,offen,22.98,0.00,0,0.00,0,none,consistent
2d977f60-7ecd-4bf8-8531-d4b0e01adef5,offen,104.78,0.00,0,0.00,0,none,consistent
2dab72ab-f294-4e4d-825c-5dc0c5235bf7,offen,950.67,0.00,0,0.00,0,none,consistent
2de8bf44-0e2d-4be7-adca-ff4d326cc907,bezahlt,499.31,499.31,499.31,0.00,0,seed,consistent
2de9921c-fd18-4100-a485-4b3754d75ce9,offen,403.46,0.00,0,0.00,0,none,consistent
2e2ec082-c174-4351-af25-1b602b776c20,offen,679.72,0.00,0,0.00,0,none,consistent
2e8fb9d0-cdb9-43f6-9905-31998c7f4ebe,bezahlt,820.01,820.01,820.01,0.00,0,seed,consistent
2edaf8dd-8a11-4386-ba7a-4c8bbcb313a6,offen,82.31,0.00,0,0.00,0,none,consistent
2eed6a54-4f24-4566-aade-e27c71fe3d56,bezahlt,484.51,484.51,484.51,0.00,0,seed,consistent
2f3985e7-88e0-4689-8b8b-393f662c603b,bezahlt,943.00,943.00,943.00,0.00,0,seed,consistent
2f7901a8-dcfe-4cdc-a562-81891ccc42a8,offen,859.63,0.00,0,0.00,0,none,consistent
2fb53179-a9a4-4b89-b69e-1e17c74d9a8c,bezahlt,943.00,943.00,943.00,0.00,0,seed,consistent
3009c951-369f-4d3c-a90c-4f2b10d64018,offen,381.95,0.00,0,0.00,0,none,consistent
301067ba-6744-46a1-9988-c613e2a9fd43,bezahlt,604.78,604.78,604.78,0.00,0,seed,consistent
302023fd-c81f-4323-81ee-15fabfa7cb44,offen,429.29,0.00,0,0.00,0,none,consistent
30cb199a-fed2-4a21-a333-cb3074c00d97,bezahlt,392.03,392.03,392.03,0.00,0,seed,consistent
30cf1bda-fc74-40bb-82fd-ab68ca15eed2,bezahlt,75.75,75.75,75.75,0.00,0,seed,consistent
31c4d93e-df5b-4e87-8497-534d1f20147c,offen,429.29,0.00,0,0.00,0,none,consistent
31ce6756-095c-4fbe-aac5-5dd361fcec6d,offen,1367.31,0.00,0,0.00,0,none,consistent
32422f76-1c66-4113-aec4-d79b8dd1a395,bezahlt,943.00,943.00,943.00,0.00,0,seed,consistent
32527fef-8cc3-4cd1-b3ea-1b94c753684f,offen,850.00,0.00,0,0.00,0,none,consistent
32b72329-9376-4313-8bed-31810b6f6ca0,bezahlt,16.57,16.57,16.57,0.00,0,seed,consistent
32f0a65c-1028-4531-89e6-87300a7f05bf,bezahlt,920.62,920.62,920.62,0.00,0,seed,consistent
32fb62f4-721a-465e-9897-41b6fe5903d4,offen,764.60,0.00,0,0.00,0,none,consistent
334420fa-b407-4450-a1b3-e2f37acef637,bezahlt,639.39,639.39,639.39,0.00,0,seed,consistent
33be71c3-05fc-4073-8ec5-88346b74ebd7,offen,755.09,0.00,0,0.00,0,none,consistent
346e2b52-bf75-4acb-9a03-6d81ee004c0d,bezahlt,558.07,558.07,558.07,0.00,0,seed,consistent
34df4f67-215e-42c8-a8cd-20cc1a313c69,bezahlt,459.98,459.98,459.98,0.00,0,seed,consistent
34f486e5-a9ed-4774-b1dc-4d4e0e242da4,offen,639.39,0.00,0,0.00,0,none,consistent
3598aa65-1cc1-42aa-8580-d474b6427ba1,offen,850.00,0.00,0,0.00,0,none,consistent
35c47733-ffad-4f7d-a335-9cdedd0fe972,bezahlt,670.70,670.70,670.70,0.00,0,seed,consistent
35ece80f-0f75-4813-92eb-33c1b904b8ba,bezahlt,92.59,92.59,92.59,0.00,0,seed,consistent
367170d4-57ab-4664-bcb2-fb9d4b3ed764,bezahlt,670.19,670.19,670.19,0.00,0,seed,consistent
368e6864-a739-4481-93e5-9d75abf2c9ac,offen,498.43,0.00,0,0.00,0,none,consistent
36e02c04-e015-4b34-8b53-c85137f6f74a,bezahlt,530.23,530.23,530.23,0.00,0,seed,consistent
36f4ef83-2bc6-40af-a48c-1cf258f87a6d,bezahlt,1104.80,1104.80,1104.80,0.00,0,seed,consistent
3746f3ec-f0fd-42de-867a-36cde0b365bf,bezahlt,584.09,584.09,584.09,0.00,0,seed,consistent
379f6e07-21af-47c5-a76f-da42e4fc09a2,bezahlt,943.00,943.00,943.00,0.00,0,seed,consistent
37f9fe10-dae0-4db3-b3df-1dcf3f622def,bezahlt,75.75,75.75,75.75,0.00,0,seed,consistent
37fa77e8-e17b-4355-bcff-7bfb18e47fbd,offen,461.11,0.00,0,0.00,0,none,consistent
389639d7-b716-4d3f-86c8-1b2b7370a7dc,offen,95.59,0.00,0,0.00,0,none,consistent
38c50204-0f58-4824-8574-3c4a8412a8e0,bezahlt,617.76,617.76,617.76,0.00,0,seed,consistent
394315b1-1acf-41a6-b4e8-42ab69955eb9,bezahlt,721.39,721.39,721.39,0.00,0,seed,consistent
398a20cd-f77c-4661-af59-d56dba3a1766,offen,681.02,0.00,0,0.00,0,none,consistent
39c8ca64-4a39-44db-8996-d9a3ed3a70df,offen,820.64,0.00,0,0.00,0,none,consistent
3a577af5-a2e7-4b08-816c-c66737d24e79,offen,688.81,0.00,0,0.00,0,none,consistent
3a6b76e0-e987-4069-a9a9-1dd44e226fc7,offen,679.72,0.00,0,0.00,0,none,consistent
3aa6d4e4-b326-459d-b4e1-ac324639190a,offen,1839.78,0.00,0,0.00,0,none,consistent
3aab85cd-26df-4ade-8475-4cb4e6b0734e,bezahlt,943.00,943.00,943.00,0.00,0,seed,consistent
3ab65bbf-7049-4413-86c9-b1457fa5778b,offen,850.00,0.00,0,0.00,0,none,consistent
3b432993-4b1a-49a7-ab3b-10f3846bed4f,bezahlt,498.43,498.43,498.43,0.00,0,seed,consistent
3b9fcf2f-10ff-4f01-80a4-0b0199e05ee6,offen,466.48,0.00,0,0.00,0,none,consistent
3bf2e39c-f7af-40d5-9687-a4347d79fc22,bezahlt,104.78,104.78,104.78,0.00,0,seed,consistent
3c8614db-5747-4f09-be54-08002dacb408,bezahlt,484.51,484.51,484.51,0.00,0,seed,consistent
3c8c65af-a345-4605-a757-be0fa104ffb6,offen,551.00,0.00,0,0.00,0,none,consistent
3ca23254-a5b0-450f-8c83-d86d8ba6223e,offen,578.41,0.00,0,0.00,0,none,consistent
3ddc964a-6b0a-4b6c-b405-a125bcf40d55,bezahlt,820.01,820.01,820.01,0.00,0,seed,consistent
3e757d51-006c-40e2-afcd-a7420e67e1be,offen,200.00,0.00,0,0.00,0,none,consistent
3e8a9421-350d-49d5-ba86-af3e167001fa,offen,580.86,0.00,0,0.00,0,none,consistent
3f3b880a-93cd-4a03-aa9e-86e6163b8442,bezahlt,484.51,484.51,484.51,0.00,0,seed,consistent
3f85e9a0-c48c-4328-9d16-0f2f61b272f9,offen,1218.31,0.00,0,0.00,0,none,consistent
3feca953-12d8-4e8a-953b-57a199fc5015,bezahlt,1104.80,1104.80,1104.80,0.00,0,seed,consistent
3fece985-3118-46af-968e-7093343305c2,bezahlt,388.29,388.29,388.29,0.00,0,seed,consistent
40328069-9633-4b4e-aa72-1939314e849b,bezahlt,0.00,0.00,0,0.00,0,none,consistent
4037dd31-c9e8-4f5c-8d0a-1cb46acbeb41,bezahlt,943.00,943.00,943.00,0.00,0,seed,consistent
404ad398-c095-42b3-b397-72830578225e,offen,820.72,0.00,0,0.00,0,none,consistent
405e19b5-8e83-450b-bedd-ab212c7731ac,offen,20.55,0.00,0,0.00,0,none,consistent
4097c0b4-759f-4f6a-8d26-3fdd07de918c,offen,100.80,0.00,0,0.00,0,none,consistent
40b139a8-80ba-46b1-b39d-1a94def9414f,bezahlt,430.04,430.04,430.04,0.00,0,seed,consistent
40bf0e58-afba-4e1c-b2ca-e41169e8c0b5,offen,116.83,0.00,0,0.00,0,none,consistent
40d2e58d-8d36-41ff-b188-610c292ce2df,offen,62.91,0.00,0,0.00,0,none,consistent
410188df-3205-496e-838f-f322dad56cad,bezahlt,751.26,751.26,751.26,0.00,0,seed,consistent
411c1213-f637-4ecf-9ecf-d97de6cb0e9c,bezahlt,130.64,130.64,130.64,0.00,0,seed,consistent
412181e3-9d74-4052-bcb3-35046a79e7fb,offen,540.98,0.00,0,0.00,0,none,consistent
4175422e-f385-47d5-8cfc-ffc9f7ee9dbc,offen,1281.63,0.00,0,0.00,0,none,consistent
41806a6d-7f5a-4d5f-afc9-5e07e328af65,offen,850.00,0.00,0,0.00,0,none,consistent
41ea3f1b-ce5c-46a7-93da-1e4cb8546fbb,bezahlt,943.00,943.00,943.00,0.00,0,seed,consistent
4218f29c-39da-49ea-851d-66f1c05a294e,bezahlt,24.66,24.66,24.66,0.00,0,seed,consistent
422cd70e-3c27-4915-bef9-d9fffc6691f5,bezahlt,617.76,617.76,617.76,0.00,0,seed,consistent
4238a1a3-f712-4866-a053-7bdbfbca6e5b,bezahlt,617.76,617.76,617.76,0.00,0,seed,consistent
42e82477-ccc6-469d-82b2-15ac7651c1fc,offen,617.47,0.00,0,0.00,0,none,consistent
42eaa049-bc9e-49bb-8146-6619ce979dee,bezahlt,639.39,639.39,639.39,0.00,0,seed,consistent
430a10aa-c3a8-4bf5-9294-0968c85ecf41,bezahlt,656.64,656.64,656.64,0.00,0,seed,consistent
432209e8-0e54-4af5-bb34-291f4e888ada,offen,416.30,0.00,0,0.00,0,none,consistent
4377f647-9fc7-4687-a4cf-d764609e516d,offen,75.75,0.00,0,0.00,0,none,consistent
4388be69-9c69-4381-9efa-8986d81b742b,bezahlt,2089.37,2089.37,2089.37,0.00,0,seed,consistent
43b33f2a-15bf-4736-b270-3b00a3ccc71e,offen,581.96,0.00,0,0.00,0,none,consistent
44022663-06ed-45fd-88af-6238acc93abd,bezahlt,584.09,584.09,584.09,0.00,0,seed,consistent
44f6c267-8084-463a-9bb5-d2ea9b2fc462,offen,512.68,0.00,0,0.00,0,none,consistent
450e0840-b483-495d-b46b-b9dca3f5f1e3,bezahlt,459.98,459.98,459.98,0.00,0,seed,consistent
45f80de8-cb82-403e-a055-5b02c0222e65,bezahlt,546.29,546.29,546.29,0.00,0,seed,consistent
4636c583-a12b-49fa-acb3-320fb490d0ce,bezahlt,639.39,639.39,639.39,0.00,0,seed,consistent
465212b1-e383-41a8-8a2b-92402abd3c69,bezahlt,411.42,411.42,411.42,0.00,0,seed,consistent
46de7a24-5aa4-4a94-a55d-19c8e511e9e0,offen,850.00,0.00,0,0.00,0,none,consistent
471dff1a-3609-4127-9d96-bcc57643031d,bezahlt,820.64,820.64,820.64,0.00,0,seed,consistent
474d5404-8b92-4e65-adb0-75be0f31b27b,offen,1271.48,0.00,0,0.00,0,none,consistent
47ad0b7b-9e6f-4d3b-876a-64d2e2f99a2f,offen,20.55,0.00,0,0.00,0,none,consistent
4811c59b-f96d-4475-98b2-97952a61b104,offen,638.18,0.00,0,0.00,0,none,consistent
48196920-eeb7-46ec-9d43-92697705ad5a,bezahlt,2089.37,2089.37,2089.37,0.00,0,seed,consistent
4825b0f1-bdfd-4ca9-b014-ec7ced835f69,offen,507.43,0.00,0,0.00,0,none,consistent
4892314e-9ad7-449b-a503-5818496d7a4f,bezahlt,617.76,617.76,617.76,0.00,0,seed,consistent
49882fab-079d-47ca-86a2-4c895e2b4dc5,bezahlt,100.80,100.80,100.80,0.00,0,seed,consistent
49e290c4-168e-47d3-8369-50c3e8e3639d,offen,1367.31,0.00,0,0.00,0,none,consistent
49fd2ae9-4fae-42c0-a140-485d8e17519c,offen,61.86,0.00,0,0.00,0,none,consistent
4a6d47fd-2991-4b93-8b13-c9b81d2e1954,offen,615.45,0.00,0,0.00,0,none,consistent
4a765b89-7407-439b-ad79-ea46100724a9,bezahlt,584.09,584.09,584.09,0.00,0,seed,consistent
4ac3cfff-f83a-458d-b076-e7fbcef3d8db,offen,577.60,0.00,0,0.00,0,none,consistent
4ad5ceb8-5ee4-491d-b4cb-7741a3705069,offen,617.47,0.00,0,0.00,0,none,consistent
4aea219d-6057-4c1e-826d-c4f0a3189374,offen,501.90,0.00,0,0.00,0,none,consistent
4b65b98b-73e9-4e82-8ddf-6c8c9c5bde65,offen,605.71,0.00,0,0.00,0,none,consistent
4baa125a-8ed1-470e-94d5-7590ec5355a8,bezahlt,555.31,555.31,555.31,0.00,0,seed,consistent
4bf116c8-1e5c-4a52-b06b-509b29602c0b,offen,556.17,0.00,0,0.00,0,none,consistent
4bfb855d-44e0-4105-b16f-6750aef22359,bezahlt,92.59,92.59,92.59,0.00,0,seed,consistent
4c1deccc-35f4-4055-a638-cd8da46acb0e,offen,1080.70,0.00,0,0.00,0,none,consistent
4c5ef719-473e-4751-8830-80f134d22a41,bezahlt,686.90,686.90,686.90,0.00,0,seed,consistent
4cd9146a-451d-425d-ae70-af644df0ef42,bezahlt,943.00,943.00,943.00,0.00,0,seed,consistent
4d9f5f5a-abae-49dd-82a4-20acffc83fd6,bezahlt,75.75,75.75,75.75,0.00,0,seed,consistent
4e0bda3e-039b-4fb8-8556-dcf207b96880,bezahlt,605.01,605.01,605.01,0.00,0,seed,consistent
4e8a2a5e-41af-4880-9214-7311ee2e84b9,offen,557.49,0.00,0,0.00,0,none,consistent
4ee262d3-40bb-417f-8745-6da118bad356,bezahlt,751.26,751.26,751.26,0.00,0,seed,consistent
4f35c375-5ef6-4a88-9466-16a80d917d04,offen,555.49,0.00,0,0.00,0,none,consistent
4f781301-2920-45f0-870b-7f67c4eeda43,offen,93.17,0.00,0,0.00,0,none,consistent
4f8ec5d7-ab3e-4888-9cfa-5a76454ab03a,offen,93.17,0.00,0,0.00,0,none,consistent
4f93542f-d578-4f00-a262-31872cff523f,bezahlt,920.62,920.62,920.62,0.00,0,seed,consistent
4feb3c43-d504-467b-a0f7-3788c36165dc,bezahlt,656.64,656.64,656.64,0.00,0,seed,consistent
501237d5-dcfe-4537-a40a-05cda971f4fa,bezahlt,604.78,604.78,604.78,0.00,0,seed,consistent
502cc9fc-475d-4f43-9640-330ba97b51bb,bezahlt,112.42,112.42,112.42,0.00,0,seed,consistent
504fedc5-4ffd-4da1-997c-9b2487d667d6,bezahlt,409.92,409.92,409.92,0.00,0,seed,consistent
505843ca-bb48-412c-9dd2-acd94d4558a2,offen,396.73,0.00,0,0.00,0,none,consistent
50b7994a-e082-4fe8-8311-fa057b4b41dd,offen,556.17,0.00,0,0.00,0,none,consistent
50ce8a98-39d3-4bcc-8972-7e67caf64a7a,bezahlt,0.00,0.00,0,0.00,0,none,consistent
511aec4e-aab9-46eb-996e-c283dbc4ee74,bezahlt,920.62,920.62,920.62,0.00,0,seed,consistent
513f6f86-8387-40fe-acde-1e1e0f8207bb,bezahlt,943.00,943.00,943.00,0.00,0,seed,consistent
514a149f-89e8-440d-b393-0c693bd574ff,bezahlt,558.82,558.82,558.82,0.00,0,seed,consistent
51675a99-736b-42bf-a35a-2c0ea59ab802,bezahlt,820.64,820.64,820.64,0.00,0,seed,consistent
51f743c9-dd57-4c24-8e47-a7abdd538eb4,bezahlt,557.70,557.70,557.70,0.00,0,seed,consistent
5204383a-5aee-4eaa-af1f-8c85d44c3d77,bezahlt,75.90,75.90,75.90,0.00,0,seed,consistent
523bdeaa-a9d8-45cc-9ec5-0426cab113b4,offen,679.72,0.00,0,0.00,0,none,consistent
5261244a-57e7-41c3-9f0b-653e9b921f41,bezahlt,24.54,24.54,24.54,0.00,0,seed,consistent
5264f095-562f-4252-be1c-afdb6628fe09,bezahlt,388.29,388.29,388.29,0.00,0,seed,consistent
52d7ed8a-a129-4d92-8154-b56786f7079c,offen,24.54,0.00,0,0.00,0,none,consistent
538f1aa0-a11a-4eb8-a48f-9e8e305df13e,offen,93.17,0.00,0,0.00,0,none,consistent
538f86a6-e38e-40c5-9e0a-495ab01142b9,offen,1355.82,0.00,0,0.00,0,none,consistent
53b5091d-72d5-48be-8845-3184a0a1f682,bezahlt,617.76,617.76,617.76,0.00,0,seed,consistent
53d0508f-ba5e-426c-8a4c-c8f57473a191,offen,46.45,0.00,0,0.00,0,none,consistent
53e180e4-0341-4e35-a16f-55decdb6a5a2,offen,721.39,0.00,0,0.00,0,none,consistent
53fa5c29-5bc6-4f31-b7c1-93f8025423a9,offen,67.00,0.00,0,0.00,0,none,consistent
548d9791-3c38-4018-9b8d-1e9ecc65aa9e,bezahlt,617.76,617.76,617.76,0.00,0,seed,consistent
54a55ada-c2a4-469c-a897-817b61fa8320,bezahlt,555.31,555.31,555.31,0.00,0,seed,consistent
55401dd5-7aec-4b50-84fe-7336945c56b7,offen,1141.14,0.00,0,0.00,0,none,consistent
55a4de21-adb9-45b2-9420-31b8083e5bfd,bezahlt,605.01,605.01,605.01,0.00,0,seed,consistent
55be72f2-43c7-48db-83fb-45bd6f7bf400,bezahlt,751.26,751.26,751.26,0.00,0,seed,consistent
55e4c471-f917-471c-bf32-5e153f7ce5c2,bezahlt,0.00,0.00,0,0.00,0,none,consistent
561ea14f-ab4d-40a5-b076-f4991ba3ba28,offen,461.11,0.00,0,0.00,0,none,consistent
567f92a3-daa7-4b23-9118-1769da275a84,offen,499.31,0.00,0,0.00,0,none,consistent
56d7855c-bcb4-4805-be4e-64a6fb0bf6cd,offen,552.34,0.00,0,0.00,0,none,consistent
56edacbb-c312-4088-9a46-9c86475c674d,bezahlt,656.64,656.64,656.64,0.00,0,seed,consistent
5713e989-5a1c-465f-a611-90cde948b198,offen,615.45,0.00,0,0.00,0,none,consistent
571791ca-167e-4b2f-8249-89b95640003d,bezahlt,192.20,192.20,192.20,0.00,0,seed,consistent
571ea173-b04d-4aae-8075-7f9c6dc2bd05,bezahlt,192.20,192.20,192.20,0.00,0,seed,consistent
5732fea3-0cd4-4583-a3aa-f9dc4db656fe,offen,1839.78,0.00,0,0.00,0,none,consistent
57796aa4-f50b-40e8-ac2a-444639bab8b6,bezahlt,920.62,920.62,920.62,0.00,0,seed,consistent
57c747fd-e3c1-4725-87bb-800c8e9a9084,offen,820.01,0.00,0,0.00,0,none,consistent
57cf3e21-0993-4e35-b6c3-477670c803e3,offen,452.28,0.00,0,0.00,0,none,consistent
57e7f4a0-2432-4f9a-b774-3c8663abab02,bezahlt,777.84,777.84,777.84,0.00,0,seed,consistent
57ea219b-64c0-4705-9ec1-a0159deb51c0,offen,67.00,0.00,0,0.00,0,none,consistent
57ebfab0-613f-4e90-a20a-7b598468a952,offen,557.49,0.00,0,0.00,0,none,consistent
5806d8ad-f91d-4605-9e25-d1e43622e0ac,offen,438.59,0.00,0,0.00,0,none,consistent
587c0fad-8553-40f0-a545-3dd6bbcde998,bezahlt,943.00,943.00,943.00,0.00,0,seed,consistent
58b5bde2-0e39-44cc-9533-b3f90c06a4d0,offen,521.00,0.00,0,0.00,0,none,consistent
58c6b9a2-68d0-4ec0-9937-59fb23ecd868,offen,82.31,0.00,0,0.00,0,none,consistent
58d5c82b-64f6-49dd-83d9-bbc441538270,bezahlt,104.78,104.78,104.78,0.00,0,seed,consistent
59197ead-6128-4a70-bce5-d0200a369ebc,offen,956.27,0.00,0,0.00,0,none,consistent
596090d3-4050-4e24-ba99-205d95ffe38c,bezahlt,920.62,920.62,920.62,0.00,0,seed,consistent
597806e1-93ac-409d-8ced-4ed4e82279d1,offen,20.62,0.00,0,0.00,0,none,consistent
59a0fe82-7f52-4099-a79b-3837b6306db7,bezahlt,1104.80,1104.80,1104.80,0.00,0,seed,consistent
59c17a40-c271-402f-8291-0484364a1d51,offen,581.96,0.00,0,0.00,0,none,consistent
5a3c7101-e52a-412a-8b9c-4f79a8b4bea6,offen,486.90,0.00,0,0.00,0,none,consistent
5a437c72-df7d-4c67-a314-d942caa78a45,offen,850.00,0.00,0,0.00,0,none,consistent
5a5baeee-2fec-491d-ad28-58dac08a7174,offen,551.00,0.00,0,0.00,0,none,consistent
5a69ce5c-f221-4cfa-8914-cdfe357b7524,bezahlt,920.62,920.62,920.62,0.00,0,seed,consistent
5a97385a-deb7-4fed-a735-02ca7df5ebd6,bezahlt,616.27,616.27,616.27,0.00,0,seed,consistent
5ac457c6-662b-40e4-a318-123b94070db6,offen,820.72,0.00,0,0.00,0,none,consistent
5ae4d7a8-a437-4cef-89c6-232d858e2e35,offen,740.00,0.00,0,0.00,0,none,consistent
5b0b400d-ec89-405e-a484-d48929cd3c2f,offen,751.26,0.00,0,0.00,0,none,consistent
5b25217c-bfb5-49fd-9088-6d54042dae71,offen,2358.74,0.00,0,0.00,0,none,consistent
5b3807e1-f810-497d-88ef-49730e2e1d47,bezahlt,484.51,484.51,484.51,0.00,0,seed,consistent
5b8cacb7-08c4-49ce-9d49-3f0c1ff5273c,offen,67.00,0.00,0,0.00,0,none,consistent
5b912256-3274-43c1-b92b-4cf56114626e,bezahlt,509.20,509.20,509.20,0.00,0,seed,consistent
5bb3dc75-1023-47ac-a552-cd50f1fa5dff,offen,48.52,0.00,0,0.00,0,none,consistent
5be73276-6f58-4b74-a4df-e2e434b02724,bezahlt,0.00,0.00,0,0.00,0,none,consistent
5c41e6ff-731d-4710-a818-d9449407c6b1,offen,507.43,0.00,0,0.00,0,none,consistent
5c7e88f7-b120-46b3-b0ae-671a2c8039b5,bezahlt,498.43,498.43,498.43,0.00,0,seed,consistent
5cf0a450-cefa-4e8b-a8bd-0989740864e3,bezahlt,617.76,617.76,617.76,0.00,0,seed,consistent
5dd75442-f33c-4d72-84ca-19224d2b09dc,bezahlt,459.98,459.98,459.98,0.00,0,seed,consistent
5e4c6f2c-b218-4269-ba7d-05f4f0a5b31a,bezahlt,100.80,100.80,100.80,0.00,0,seed,consistent
5e62d222-2346-4561-8cee-31de5e693449,bezahlt,950.67,950.67,950.67,0.00,0,seed,consistent
5ea8b922-1e85-4323-be03-9ab931203245,offen,1435.86,0.00,0,0.00,0,none,consistent
5eb0d3df-f444-4c9e-8184-f65ba998ce3a,offen,558.82,0.00,0,0.00,0,none,consistent
5ee320b1-991b-4760-8a94-a48fe97e9dbb,bezahlt,616.27,616.27,616.27,0.00,0,seed,consistent
5ef830b0-e007-4b85-ac56-1dd866cc5535,bezahlt,639.39,639.39,639.39,0.00,0,seed,consistent
5fc37853-a5ce-4464-aca6-67fd0f93ffeb,bezahlt,459.98,459.98,459.98,0.00,0,seed,consistent
6140ccf2-023f-4530-96c0-530b42cd1869,bezahlt,104.78,104.78,104.78,0.00,0,seed,consistent
61c511cb-f9c9-43d8-b7fe-4fea67acf534,bezahlt,943.00,943.00,943.00,0.00,0,seed,consistent
61cdb064-fa78-4787-8238-8d0ed964d621,bezahlt,751.26,751.26,751.26,0.00,0,seed,consistent
61d53e2f-3d87-4dbb-8ae3-d6aaffd4eaad,offen,70.19,0.00,0,0.00,0,none,consistent
62466417-96ae-46dc-a829-6c5094f4dc65,bezahlt,104.78,104.78,104.78,0.00,0,seed,consistent
62786f90-56a3-4a2f-af3b-d4a4e1843b17,bezahlt,617.76,617.76,617.76,0.00,0,seed,consistent
62a75a3f-fbc9-467e-83ce-29ff313e842e,offen,581.96,0.00,0,0.00,0,none,consistent
62b2a821-3dcf-4ecb-9b43-ffa406fc0931,offen,70.19,0.00,0,0.00,0,none,consistent
62c84185-e2a9-403f-80fd-3b9839724499,bezahlt,943.00,943.00,943.00,0.00,0,seed,consistent
62f6e87d-679c-46ea-945a-fa4ba0eec5ae,bezahlt,2089.37,2089.37,2089.37,0.00,0,seed,consistent
631366fc-c242-4894-83b6-8095e38a4635,offen,472.83,0.00,0,0.00,0,none,consistent
63422465-11a1-47f2-93bc-79e415be5539,offen,850.00,0.00,0,0.00,0,none,consistent
63abf048-48e0-42f7-88d3-19b39202683f,offen,46.85,0.00,0,0.00,0,none,consistent
64477362-06d2-4326-8c37-a93abdf1886b,bezahlt,459.98,459.98,459.98,0.00,0,seed,consistent
644c97fa-f78f-45ae-9abb-88a2f5cd7d8f,bezahlt,584.09,584.09,584.09,0.00,0,seed,consistent
64700917-9236-493f-a718-5cfeda22fbe8,offen,92.59,0.00,0,0.00,0,none,consistent
6489b6d2-5345-4734-af52-78ad1d0456fe,offen,1207.65,0.00,0,0.00,0,none,consistent
64e5a640-578d-428a-abd0-f8f69bbc45ab,bezahlt,0.00,0.00,0,0.00,0,none,consistent
650ebc7e-6fc9-4fba-922d-76654780bb9f,offen,638.18,0.00,0,0.00,0,none,consistent
65262d7f-603b-47e7-83ca-f56c79372acf,bezahlt,92.59,92.59,92.59,0.00,0,seed,consistent
654f8c70-8db6-4ac2-b959-953e24cf2cbe,bezahlt,0.00,0.00,0,0.00,0,none,consistent
6598199f-c5c9-42d9-8fbd-e440f1607ec0,offen,686.90,0.00,0,0.00,0,none,consistent
6598d052-52a7-4e7e-bec1-3b77ef307379,offen,608.20,0.00,0,0.00,0,none,consistent
659d8ef9-af0f-4b0c-9841-a01ae0c75556,offen,503.74,0.00,0,0.00,0,none,consistent
659dfc56-f93b-4816-8729-37df780ec960,offen,556.17,0.00,0,0.00,0,none,consistent
65c87278-c345-4885-9555-60ead10553b6,bezahlt,943.00,943.00,943.00,0.00,0,seed,consistent
662b7433-223c-455b-a186-c1979160cfd7,bezahlt,943.00,943.00,943.00,0.00,0,seed,consistent
666ed6d7-2ab2-4065-9f77-0dba4481dc89,bezahlt,820.01,820.01,820.01,0.00,0,seed,consistent
66d52265-006b-4ec1-9108-f4c2c01bdafc,bezahlt,604.78,604.78,604.78,0.00,0,seed,consistent
67055448-87ce-4009-82e6-abce9b97a7b5,offen,472.83,0.00,0,0.00,0,none,consistent
67495134-5c53-41a2-a0b1-8968a13eec14,offen,472.83,0.00,0,0.00,0,none,consistent
674f10f3-fc19-44ab-a97b-e37e681e8b6e,bezahlt,617.76,617.76,617.76,0.00,0,seed,consistent
676be504-e44f-4046-9740-09a87af56835,bezahlt,617.76,617.76,617.76,0.00,0,seed,consistent
67a975c6-df6e-4073-83e9-3a2a09ae1dcb,bezahlt,670.19,670.19,670.19,0.00,0,seed,consistent
67e5aacd-cb03-4c57-9a81-1fdd0b7b2692,bezahlt,0.00,0.00,0,0.00,0,none,consistent
67f43887-663e-4875-be3e-6da1e67249be,bezahlt,92.59,92.59,92.59,0.00,0,seed,consistent
68606b86-e37d-484a-a98f-daaebfaee641,offen,751.26,0.00,0,0.00,0,none,consistent
6910f732-c7c6-4b26-b752-de7bb7073e03,bezahlt,130.64,130.64,130.64,0.00,0,seed,consistent
69bc35d7-a247-4b6f-ba4b-442de9efc396,offen,850.00,0.00,0,0.00,0,none,consistent
69be4dc9-43e8-46d3-94d4-3085b59b30d5,bezahlt,950.67,950.67,950.67,0.00,0,seed,consistent
69f1fb2b-b017-4f27-8267-ce4857eaa0df,offen,656.64,0.00,0,0.00,0,none,consistent
69fbd79e-4dbb-49ed-86f1-8b26506dc8c5,offen,95.59,0.00,0,0.00,0,none,consistent
6a0bd9a5-03ad-4705-819d-c6a795a676c1,bezahlt,0.00,0.00,0,0.00,0,none,consistent
6b16a2ae-3fdc-419b-b497-9ab2cd6853ba,offen,92.59,0.00,0,0.00,0,none,consistent
6b69debe-884f-41c3-bada-282e6202e75f,bezahlt,2089.37,2089.37,2089.37,0.00,0,seed,consistent
6bc9e3c9-9ec0-44b4-b5df-529a611b12f8,offen,300.82,0.00,0,0.00,0,none,consistent
6bf26e49-58f4-4fed-a5ea-ac9e1f3bb739,bezahlt,617.33,617.33,617.33,0.00,0,seed,consistent
6bf825fe-5ca7-440d-823b-79759fc44672,bezahlt,485.48,485.48,485.48,0.00,0,seed,consistent
6c06e26c-63bb-404b-83ba-0bc863536211,offen,557.70,0.00,0,0.00,0,none,consistent
6c073122-765f-48a2-b843-bbab6f3fc062,bezahlt,943.00,943.00,943.00,0.00,0,seed,consistent
6cdb3576-5ccc-4792-becd-da7d58550df9,bezahlt,330.50,330.50,330.50,0.00,0,seed,consistent
6d29ab79-74ea-4138-aa01-d429c665a91b,bezahlt,943.00,943.00,943.00,0.00,0,seed,consistent
6d7284e8-04a5-448d-b843-5074b407e75a,bezahlt,78.38,78.38,78.38,0.00,0,seed,consistent
6db73f93-31e4-4436-bcf3-54f98fdc8bae,offen,832.71,0.00,0,0.00,0,none,consistent
6df1e955-fe39-4239-b5bd-303722f520bc,bezahlt,604.78,604.78,604.78,0.00,0,seed,consistent
6e208504-4769-4f3f-a6ca-1c7c74abf3a6,bezahlt,610.90,610.90,610.90,0.00,0,seed,consistent
6e2c533e-3d84-4c5d-8b2f-8e9b2b09dce6,offen,54.61,0.00,0,0.00,0,none,consistent
6e4cd472-02d4-4d10-946f-05536176609f,offen,509.20,0.00,0,0.00,0,none,consistent
6e5fe1ec-866a-4c34-8a66-4e4582378b05,bezahlt,24.54,24.54,24.54,0.00,0,seed,consistent
6eb75e3e-a541-4a76-9d5b-2d9cc00f74ac,offen,548.76,0.00,0,0.00,0,none,consistent
6ecd2a01-7a81-466c-98ba-0f34c14c6e79,offen,551.00,0.00,0,0.00,0,none,consistent
6ed0ec23-2167-4a51-8fe8-e8f14cc64817,offen,281.28,0.00,0,0.00,0,none,consistent
6f02b9de-b1b2-4784-a3e7-cbd636d9d0da,teilbezahlt,943.00,93.00,93.00,0.00,0,seed,consistent
6f15951c-524e-4d40-9a86-0002601a63ae,bezahlt,820.64,820.64,820.64,0.00,0,seed,consistent
6f3c3700-ec46-4dba-a555-51434777f8f1,offen,438.59,0.00,0,0.00,0,none,consistent
6f5c66e6-1a3b-4cf7-b527-be21893888bf,offen,1202.91,0.00,0,0.00,0,none,consistent
6f7faf3d-bbbd-4508-833f-ae22be10228e,bezahlt,616.27,616.27,616.27,0.00,0,seed,consistent
6f9d719e-2437-4642-9255-a9ae21816a73,bezahlt,820.64,820.64,820.64,0.00,0,seed,consistent
70898a9a-6bce-45bb-9108-f0bb4d5d7ed1,offen,20.62,0.00,0,0.00,0,none,consistent
710a151e-6490-4de9-b197-ff881b61ddcd,offen,20.55,0.00,0,0.00,0,none,consistent
71388bb0-8b0a-456a-be46-0c228c1e827d,offen,61.86,0.00,0,0.00,0,none,consistent
718c632a-d0f6-42e8-990c-e083d4d14cb4,offen,547.12,0.00,0,0.00,0,none,consistent
71a85080-2dd2-4bea-8a7d-eca3e758771a,offen,452.28,0.00,0,0.00,0,none,consistent
71c98a4a-d83e-48ad-bde1-04f6e9a77d2b,offen,100.49,0.00,0,0.00,0,none,consistent
72089a58-de86-40ba-9e53-eff0677918d0,offen,655.93,0.00,0,0.00,0,none,consistent
7215b743-aa73-459a-8418-70fa4d38f9a5,bezahlt,24.54,24.54,24.54,0.00,0,seed,consistent
723f02b8-87ff-4077-b1d3-3f1ff8481d0e,bezahlt,820.01,820.01,820.01,0.00,0,seed,consistent
730f3d85-5fa5-4074-83f7-3cc96c58fd3f,bezahlt,943.00,943.00,943.00,0.00,0,seed,consistent
7358c662-c66d-4cc4-8f68-11bfeab2106c,offen,1163.88,0.00,0,0.00,0,none,consistent
74f31bfb-ebec-4b96-ab33-3a16f6337306,bezahlt,950.67,950.67,950.67,0.00,0,seed,consistent
74f4d469-b53b-4e40-a3ea-ed94c74fda26,offen,932.65,0.00,0,0.00,0,none,consistent
75c308a8-2ac5-4ca2-8519-1764bdc90520,bezahlt,686.90,686.90,686.90,0.00,0,seed,consistent
75dfc34e-65f1-404a-bfd6-26299f9aaa17,offen,24.54,0.00,0,0.00,0,none,consistent
75e2b215-e4a8-485a-ace1-4f7ab1952fc3,bezahlt,555.31,555.31,555.31,0.00,0,seed,consistent
762fac6b-f8f6-45d1-b942-43f221d12d78,offen,999.97,0.00,0,0.00,0,none,consistent
7670b0e4-8959-49b2-9b79-c81e654a51ae,offen,670.19,0.00,0,0.00,0,none,consistent
76f744e0-cef6-4b09-ba11-43aaf6f0e9de,offen,82.31,0.00,0,0.00,0,none,consistent
775972ff-7582-4e1d-bac0-6d8b704112b1,offen,302.32,0.00,0,0.00,0,none,consistent
777dd1ea-d18a-448f-9d8b-601e64e8c246,bezahlt,584.09,584.09,584.09,0.00,0,seed,consistent
77a7c78b-0c1b-4b37-94ef-4526652a7abd,bezahlt,0.00,0.00,0,0.00,0,none,consistent
77e46a5f-8ccb-4868-819c-b968c272b078,offen,460.00,0.00,0,0.00,0,none,consistent
7813df65-43f1-494f-908c-74e1a825265c,offen,388.27,0.00,0,0.00,0,none,consistent
7836fd45-f3ce-43a7-a5a4-d6e248cbe552,offen,89.85,0.00,0,0.00,0,none,consistent
786a8436-5af3-4a4f-a117-565671d07cf3,offen,569.25,0.00,0,0.00,0,none,consistent
78a9b3a2-bb11-4c2f-b225-6c23b65b7cb7,bezahlt,616.27,616.27,616.27,0.00,0,seed,consistent
78b2ca72-1e95-4a9d-b255-bfe65405593b,offen,777.72,0.00,0,0.00,0,none,consistent
7931a248-c913-4d22-8149-af46d27099e3,bezahlt,457.84,457.84,457.84,0.00,0,seed,consistent
794fb527-1b40-41b7-86a7-1cfe2192d74a,bezahlt,670.19,670.19,670.19,0.00,0,seed,consistent
7964c476-463d-4c87-9f41-59a2d824dcfa,offen,20.45,0.00,0,0.00,0,none,consistent
796b676c-7ef8-44ff-b3ea-f78db1ff8aeb,offen,305.90,0.00,0,0.00,0,none,consistent
797bcd7b-0034-4c17-a85a-bb207f16ce4c,bezahlt,943.00,943.00,943.00,0.00,0,seed,consistent
79bce52a-0b9e-4fb3-9913-06c0bb5bd5c1,offen,93.17,0.00,0,0.00,0,none,consistent
79e8a7ec-f6cf-4563-b476-d28fb6ca2e66,bezahlt,943.00,943.00,943.00,0.00,0,seed,consistent
79ec5b7f-4f7a-42e9-a906-c0057bc2113d,bezahlt,943.00,943.00,943.00,0.00,0,seed,consistent
7a62f648-8106-4af1-8d6a-0c3df0cd95ce,bezahlt,430.04,430.04,430.04,0.00,0,seed,consistent
7a671bb5-1d34-4aff-9ab3-96f9d2edff8d,bezahlt,2089.37,2089.37,2089.37,0.00,0,seed,consistent
7b0117f5-bdb8-410e-829a-0468611353d4,bezahlt,92.59,92.59,92.59,0.00,0,seed,consistent
7b26085c-db41-4b18-824c-9f8089f6e467,offen,617.76,0.00,0,0.00,0,none,consistent
7b60f0a0-dd20-41ad-9d7b-ad6ea73d52e3,offen,503.24,0.00,0,0.00,0,none,consistent
7b6480ac-f9c1-429f-9851-aaf85f7e0246,bezahlt,943.00,943.00,943.00,0.00,0,seed,consistent
7baeb4f4-7d37-49fd-affc-c43fb7e2d352,bezahlt,112.42,112.42,112.42,0.00,0,seed,consistent
7bc0a7ca-219e-4870-a178-cfb041581c00,bezahlt,192.20,192.20,192.20,0.00,0,seed,consistent
7c616136-0435-4d7c-a82b-8b8307217091,bezahlt,24.54,24.54,24.54,0.00,0,seed,consistent
7cd198af-2232-4649-93d5-9f04d140d4f9,offen,67.00,0.00,0,0.00,0,none,consistent
7d00afd1-7346-4328-ad1e-661091192a2f,bezahlt,721.39,721.39,721.39,0.00,0,seed,consistent
7d291756-b2b1-4cd9-8fa5-b35b39f3be45,offen,100.80,0.00,0,0.00,0,none,consistent
7d66e259-da3d-46e4-a7f3-ce254d9a670c,bezahlt,92.59,92.59,92.59,0.00,0,seed,consistent
7ddff98f-2b78-45fc-ad5e-bf57910fb281,bezahlt,617.14,617.14,617.14,0.00,0,seed,consistent
7e158adc-88ef-425e-a2b6-0ecf89acab8d,bezahlt,670.19,670.19,670.19,0.00,0,seed,consistent
7e15f14d-91b3-42a9-b0cd-3bff61f50968,offen,605.71,0.00,0,0.00,0,none,consistent
7e2cc004-9624-48dd-8551-58af3183bb08,offen,521.00,0.00,0,0.00,0,none,consistent
7e6610bf-3f9c-421d-998c-bbab0141c90e,offen,555.49,0.00,0,0.00,0,none,consistent
7ea9b450-3e43-4201-80c1-021d4e798b70,offen,679.72,0.00,0,0.00,0,none,consistent
7ebea908-eefa-40ff-966f-c9db0b9da92c,offen,593.42,0.00,0,0.00,0,none,consistent
7f085238-b13d-4534-a564-4fbce899598d,bezahlt,639.39,639.39,639.39,0.00,0,seed,consistent
7f1a193f-6815-4a2a-9fc0-5db078b3bb12,offen,373.50,0.00,0,0.00,0,none,consistent
7fbeb7f4-e091-4fd1-9d8a-c0bf68e973b1,bezahlt,112.42,112.42,112.42,0.00,0,seed,consistent
7fccd351-aee7-446c-8283-a09d135cfcd7,offen,493.48,0.00,0,0.00,0,none,consistent
7fd3022a-77e8-4c21-a84b-307511d9186a,bezahlt,1640.77,1640.77,1640.77,0.00,0,seed,consistent
7ff2538b-0a1f-49c8-9d71-c8b93eed1c80,offen,22.98,0.00,0,0.00,0,none,consistent
800ed307-4491-4248-a6ef-8104a8e7df27,offen,616.27,0.00,0,0.00,0,none,consistent
806ccc25-0670-4e80-a242-843ab56b5c7d,offen,605.01,0.00,0,0.00,0,none,consistent
808e1731-cf30-49c1-9ed0-29af16bf3930,bezahlt,686.90,686.90,686.90,0.00,0,seed,consistent
80e1c827-8cba-47db-b317-c1c6c568b3ff,bezahlt,883.57,883.57,883.57,0.00,0,seed,consistent
80fa095b-edbc-4f4a-9846-c5b70c1b23d1,bezahlt,100.80,100.80,100.80,0.00,0,seed,consistent
81281301-d263-4866-8d16-a5ceeacb4d1a,bezahlt,484.51,484.51,484.51,0.00,0,seed,consistent
8153a365-c922-41f4-8c75-30aec816f322,offen,501.90,0.00,0,0.00,0,none,consistent
8162f17d-b322-43b1-9192-3197584465b6,bezahlt,820.64,820.64,820.64,0.00,0,seed,consistent
8169e056-b479-4461-a488-584c5a834d41,offen,638.18,0.00,0,0.00,0,none,consistent
816e1a8a-5443-4be4-94b7-1ef8bd9e0fc8,bezahlt,469.16,469.16,469.16,0.00,0,seed,consistent
817ddf14-4c24-4998-9076-52ce63a5607f,bezahlt,584.09,584.09,584.09,0.00,0,seed,consistent
81930193-aeb9-4ff1-961c-ffd7948e7923,bezahlt,24.54,24.54,24.54,0.00,0,seed,consistent
82063b86-5d1a-4bcc-9b57-709e0ad22561,bezahlt,459.98,459.98,459.98,0.00,0,seed,consistent
829e2ca4-1604-4f00-94ad-f642f443e9af,offen,552.34,0.00,0,0.00,0,none,consistent
82b510bf-80d4-4100-a1c5-cf5eeaa499fc,offen,325.00,0.00,0,0.00,0,none,consistent
82f3cd89-171a-4d92-8337-0b01c6040f75,bezahlt,943.00,943.00,943.00,0.00,0,seed,consistent
832fcfd9-d5a6-4d1e-b2b6-3b1958eea715,bezahlt,24.66,24.66,24.66,0.00,0,seed,consistent
841bb0c0-4d0b-4904-b27a-acbd4b7972b0,bezahlt,584.09,584.09,584.09,0.00,0,seed,consistent
8477485b-697e-4730-8ebf-b98655d1fa5e,bezahlt,498.43,498.43,498.43,0.00,0,seed,consistent
8492c6b5-6dd3-499a-bba0-73490c255fc4,offen,20.55,0.00,0,0.00,0,none,consistent
84a44a11-b4a8-49bd-a8c9-1065db6d1724,bezahlt,943.00,943.00,943.00,0.00,0,seed,consistent
84be766e-3a91-4a33-b2f5-f1835b34d35d,bezahlt,24.54,24.54,24.54,0.00,0,seed,consistent
84c859e9-38db-43eb-8071-b6c7eb566050,offen,605.71,0.00,0,0.00,0,none,consistent
8544a892-a77b-47bc-a221-9d386e0dd42c,bezahlt,2089.37,2089.37,2089.37,0.00,0,seed,consistent
857f423f-39b0-4f0f-a286-45aadeb3002c,offen,82.31,0.00,0,0.00,0,none,consistent
858df43b-ccd3-4b61-a8cb-5b927af77871,bezahlt,943.00,943.00,943.00,0.00,0,seed,consistent
85ee647e-e410-414f-9ca8-36382d013e55,offen,615.45,0.00,0,0.00,0,none,consistent
867cb387-bb3d-4309-bf6f-19e769daebe7,bezahlt,584.09,584.09,584.09,0.00,0,seed,consistent
86fa97c2-00dc-4045-85ef-64fb3f5e229c,offen,850.00,0.00,0,0.00,0,none,consistent
870ee290-6e53-4a3a-bf89-320454e121f6,bezahlt,943.00,943.00,943.00,0.00,0,seed,consistent
8757a0a8-f818-401b-894d-4bb21edea083,offen,1209.92,0.00,0,0.00,0,none,consistent
878d198c-fc4e-405f-aa6c-bfa5a578353f,offen,832.71,0.00,0,0.00,0,none,consistent
87a999b4-a404-47d1-9420-4d151f33379c,offen,416.30,0.00,0,0.00,0,none,consistent
87db8313-586a-462d-9bf2-243408e614bf,bezahlt,726.52,726.52,726.52,0.00,0,seed,consistent
87ef137a-6db1-4e98-92c6-9333a5693907,offen,1047.93,0.00,0,0.00,0,none,consistent
885a5a8e-571d-4fa6-b5df-623772208876,bezahlt,584.09,584.09,584.09,0.00,0,seed,consistent
88680623-6f3f-4401-b9c6-c63f42f76fe8,bezahlt,356.87,356.87,356.87,0.00,0,seed,consistent
88b3db18-2bc7-48ed-b415-6d86695fc09b,offen,556.17,0.00,0,0.00,0,none,consistent
88cc1638-7721-482e-872a-463f33b89d27,bezahlt,528.60,528.60,528.60,0.00,0,seed,consistent
88d02613-9832-4750-98f3-f86366e51834,bezahlt,75.75,75.75,75.75,0.00,0,seed,consistent
88ef60ff-8874-4bc0-97e7-da178d244489,bezahlt,484.51,484.51,484.51,0.00,0,seed,consistent
88f1bc9e-fe3a-4db5-86fc-30b04ae000c2,offen,580.86,0.00,0,0.00,0,none,consistent
89149353-0db3-45a6-8f6e-aaaca252a799,bezahlt,820.64,820.64,820.64,0.00,0,seed,consistent
892805d2-52a3-4188-87c4-2015cd068c4b,bezahlt,943.00,943.00,943.00,0.00,0,seed,consistent
892852d9-aa91-4133-8a0c-1bc314a69cf0,bezahlt,617.76,617.76,617.76,0.00,0,seed,consistent
8958c2fb-dd14-4d7a-a742-73f9529ba0af,offen,353.93,0.00,0,0.00,0,none,consistent
89815839-58fc-4297-ae29-6cef9851f45b,bezahlt,943.00,943.00,943.00,0.00,0,seed,consistent
89ae2f75-2f14-44e3-972b-47e81c5acc08,bezahlt,0.00,0.00,0,0.00,0,none,consistent
8a1c689c-d5c2-4c9b-9a51-4534455901aa,offen,999.97,0.00,0,0.00,0,none,consistent
8a27f90b-4f3a-4957-a9e5-0022d1f16f56,offen,416.30,0.00,0,0.00,0,none,consistent
8a8cc364-ad65-4f93-9f9c-54179a2326ef,bezahlt,484.51,484.51,484.51,0.00,0,seed,consistent
8abc6e84-40d7-42ef-94f3-c76fa6b093ae,offen,460.31,0.00,0,0.00,0,none,consistent
8af9fd08-1067-4e0c-95b8-c5527a1bbee0,offen,22.98,0.00,0,0.00,0,none,consistent
8b19a317-d76a-4f9c-9c4c-d79e91072330,bezahlt,0.00,0.00,0,0.00,0,none,consistent
8b35eca8-4f1e-4ae9-a719-b8fad0123788,offen,744.22,0.00,0,0.00,0,none,consistent
8b8aa059-fa18-4563-b857-9e3ae49ac8e8,offen,2089.37,0.00,0,0.00,0,none,consistent
8b97e42a-5631-4e41-aef8-3a5e35f142a1,offen,388.27,0.00,0,0.00,0,none,consistent
8bac95d6-e29e-4c79-9ac9-f56d33c9f34b,offen,100.80,0.00,0,0.00,0,none,consistent
8c06d2ff-b10f-4153-ab89-767614a8ab76,offen,584.09,0.00,0,0.00,0,none,consistent
8c0c83ce-cc37-42f4-a7a5-67f546fed4e3,offen,20.45,0.00,0,0.00,0,none,consistent
8c56b99e-82e5-4f39-8726-af1c9ec71ed6,offen,429.29,0.00,0,0.00,0,none,consistent
8c637bd4-a741-47d3-a28c-2e438bf8431e,offen,523.76,0.00,0,0.00,0,none,consistent
8cb7c064-237c-470c-ba9c-2b07386159d8,offen,407.38,0.00,0,0.00,0,none,consistent
8cf70a26-d622-4679-804d-82d70f00a9bd,bezahlt,943.00,943.00,943.00,0.00,0,seed,consistent
8d05f5d1-69f1-4a52-8e0d-36787bedb9b4,bezahlt,943.00,943.00,943.00,0.00,0,seed,consistent
8d33dec6-1613-4cbb-afb7-abbcd3faedb4,bezahlt,530.23,530.23,530.23,0.00,0,seed,consistent
8d3966df-411d-433c-8335-e0353e63ee6d,offen,389.51,0.00,0,0.00,0,none,consistent
8db0bb93-c8a9-45b8-add9-311bf8b5fba1,bezahlt,484.51,484.51,484.51,0.00,0,seed,consistent
8dfbf86c-5696-4513-a2ac-6e1fb27eb082,offen,2089.37,0.00,0,0.00,0,none,consistent
8e054311-36c3-4228-ba1a-659da4ed85ad,bezahlt,24.74,24.74,24.74,0.00,0,seed,consistent
8e157044-851f-4f1f-9d0e-e4af3d4e2ca1,offen,245.57,0.00,0,0.00,0,none,consistent
8e1574ac-5753-48cd-8f14-bb9bab1613f2,bezahlt,656.64,656.64,656.64,0.00,0,seed,consistent
8e3605d4-ca1c-4f84-9579-a918ba0bad2a,bezahlt,616.27,616.27,616.27,0.00,0,seed,consistent
8e4ba662-6a06-4730-b13a-ed9d33d3ac61,bezahlt,459.98,459.98,459.98,0.00,0,seed,consistent
8e54c261-190b-4a1f-9ca1-49fd14472da3,offen,1854.78,0.00,0,0.00,0,none,consistent
8e9d90d5-7863-446e-90cd-5a21ea09d49b,bezahlt,541.43,541.43,541.43,0.00,0,seed,consistent
8ecfed44-b77f-469f-8f34-fcba127382c1,bezahlt,820.64,820.64,820.64,0.00,0,seed,consistent
8ee0724d-d8e4-49ed-9a35-8bf79f2e138b,bezahlt,484.51,484.51,484.51,0.00,0,seed,consistent
8f857cde-881b-4bdc-aa4c-686ba966a725,bezahlt,943.00,943.00,943.00,0.00,0,seed,consistent
8fdea5cf-6969-4423-ad9c-169a57fc7028,offen,850.00,0.00,0,0.00,0,none,consistent
90f646f2-fe37-4868-8d6f-1ea61cca05d6,bezahlt,496.18,496.18,496.18,0.00,0,seed,consistent
9113cf8f-c84a-4f7e-b922-8c9402b4f635,offen,850.00,0.00,0,0.00,0,none,consistent
91249235-282f-48e5-8521-744c370ecc28,bezahlt,192.20,192.20,192.20,0.00,0,seed,consistent
918bebf3-adcb-4754-8bc5-a4d54cda21db,offen,498.43,0.00,0,0.00,0,none,consistent
91a97cb5-03a2-4182-809f-18d10749edd3,bezahlt,604.78,604.78,604.78,0.00,0,seed,consistent
921996ed-85c3-43d9-a605-99b68c27a7c6,bezahlt,558.07,558.07,558.07,0.00,0,seed,consistent
923f6069-d4d9-4437-8166-119e6abc971f,offen,548.76,0.00,0,0.00,0,none,consistent
92918fc6-3d7c-48b1-a71a-bdd69fc2804d,offen,1529.06,0.00,0,0.00,0,none,consistent
92925155-738f-45ac-9e77-cb702639085d,offen,556.17,0.00,0,0.00,0,none,consistent
92b6960d-010c-4b34-86f8-c4bab1d9b4d0,bezahlt,920.62,920.62,920.62,0.00,0,seed,consistent
92c1d350-4373-4af8-90cd-7fc319521589,offen,618.55,0.00,0,0.00,0,none,consistent
9336ef5e-05b5-48b3-9ffb-f4c6f38de144,bezahlt,1104.80,1104.80,1104.80,0.00,0,seed,consistent
9349face-3d85-4597-a633-285b91dd1179,offen,460.00,0.00,0,0.00,0,none,consistent
939502df-0243-48b5-8b58-a93069fa937a,bezahlt,639.39,639.39,639.39,0.00,0,seed,consistent
942f458d-8a1f-464c-81dd-a1f44b141ae6,offen,381.29,0.00,0,0.00,0,none,consistent
9453c59a-5ccc-431e-a87a-df9dc21294ea,bezahlt,1532.70,1532.70,1532.70,0.00,0,seed,consistent
94c12fc8-31c1-485d-85ab-63398710adbc,bezahlt,686.90,686.90,686.90,0.00,0,seed,consistent
94f52af4-c978-467d-abdf-31da95d32c32,offen,546.76,0.00,0,0.00,0,none,consistent
95a24a63-c681-4056-adfb-5d2932f41b62,bezahlt,484.51,484.51,484.51,0.00,0,seed,consistent
95b95171-1467-4670-93c2-416360bf90c3,bezahlt,943.00,943.00,943.00,0.00,0,seed,consistent
95dcaf9d-f939-47fe-ab87-598cbbb6a2c8,bezahlt,584.09,584.09,584.09,0.00,0,seed,consistent
96379ef1-617e-4bf4-852f-29ea2926eabf,offen,254.60,0.00,0,0.00,0,none,consistent
96403b53-8c95-4269-932e-e356aef20cc6,bezahlt,920.62,920.62,920.62,0.00,0,seed,consistent
96413556-61d2-4dcc-8de5-5df413119f69,offen,850.00,0.00,0,0.00,0,none,consistent
9687084f-71ee-4aef-809b-c4d3c5d99b6a,bezahlt,430.04,430.04,430.04,0.00,0,seed,consistent
96c2bcc5-8df0-4a02-9e35-36ea356f8dd2,offen,943.00,0.00,0,0.00,0,none,consistent
96d219c4-07f7-42c9-8908-4772c2c53466,bezahlt,721.39,721.39,721.39,0.00,0,seed,consistent
9761b2d4-329c-4edc-95a1-869adcfb3133,bezahlt,943.00,943.00,943.00,0.00,0,seed,consistent
9781221a-02a4-4b99-addb-c9b680451412,bezahlt,92.59,92.59,92.59,0.00,0,seed,consistent
97c909a5-ac46-4d2c-bec1-8db29b59868e,bezahlt,430.04,430.04,430.04,0.00,0,seed,consistent
97c97f6f-e8a2-4242-a66a-00ddf3270e37,offen,20.62,0.00,0,0.00,0,none,consistent
97fc7d81-2646-41a5-9fb0-608d522ef8a3,bezahlt,617.76,617.76,617.76,0.00,0,seed,consistent
983290d5-506d-4117-b81e-e45795572d18,offen,679.72,0.00,0,0.00,0,none,consistent
983a3f1f-0397-4728-bdb1-1412dfda805b,offen,93.17,0.00,0,0.00,0,none,consistent
9861c18a-acf4-42bb-93dd-b64bf813f909,offen,381.95,0.00,0,0.00,0,none,consistent
98824447-e6c6-4d75-8040-be6b8d08d1be,offen,67.00,0.00,0,0.00,0,none,consistent
98b0a2a6-2887-464e-87f6-bf88ef6a7b42,offen,552.34,0.00,0,0.00,0,none,consistent
98ff5df2-bf52-441b-b6b5-5fcd275bdf69,bezahlt,670.19,670.19,670.19,0.00,0,seed,consistent
9925ee92-1e7a-4a54-99b2-4ac572881ae8,bezahlt,104.78,104.78,104.78,0.00,0,seed,consistent
9961af7d-c998-43c4-9d30-baf9d3de35bc,bezahlt,656.64,656.64,656.64,0.00,0,seed,consistent
99c01a16-d9ab-4a0d-98bd-1e4ffaee0ef6,bezahlt,820.01,820.01,820.01,0.00,0,seed,consistent
9af94e95-94c3-42a2-bb2e-dc5667a2257f,offen,20.55,0.00,0,0.00,0,none,consistent
9b083e05-e20e-403c-9557-b5e0c41d41e1,offen,451.07,0.00,0,0.00,0,none,consistent
9b13f21c-f397-45f5-86b8-ccf7f6b49d14,offen,546.76,0.00,0,0.00,0,none,consistent
9b21042b-7624-4156-9c7b-76890e3d4884,offen,92.59,0.00,0,0.00,0,none,consistent
9b48d77e-268b-4ce8-9326-cf75c79ab842,bezahlt,83.44,83.44,83.44,0.00,0,seed,consistent
9b6a1d91-6876-4a29-a01e-001cffee8fa0,bezahlt,0.00,0.00,0,0.00,0,none,consistent
9c192f23-5b59-4fc1-bd60-df2c2bbbc278,offen,655.93,0.00,0,0.00,0,none,consistent
9c2351e6-46ef-4df7-bb59-c9aaac6616bb,bezahlt,104.78,104.78,104.78,0.00,0,seed,consistent
9c5cd45f-33bd-4482-a179-210e477a4fa0,bezahlt,1104.80,1104.80,1104.80,0.00,0,seed,consistent
9c797a85-2357-45d1-a8cf-59285f3c0837,offen,557.94,0.00,0,0.00,0,none,consistent
9ce3acf9-9101-49cc-b32e-ac52f4ffe099,offen,605.01,0.00,0,0.00,0,none,consistent
9cf23d72-9ebe-4e84-a287-138b99c5f4e8,offen,557.94,0.00,0,0.00,0,none,consistent
9d8d382b-0eef-4f24-9eee-c62850c38ad0,offen,138.08,0.00,0,0.00,0,none,consistent
9da1e249-1142-4e96-a0e3-1c42fa722025,bezahlt,2089.37,2089.37,2089.37,0.00,0,seed,consistent
9dbd6667-6554-4799-b589-df0d08cca1f0,offen,655.93,0.00,0,0.00,0,none,consistent
9dca1b2d-c00e-4ecb-a3bf-028a0de43cbe,offen,89.85,0.00,0,0.00,0,none,consistent
9deac784-7411-4ffc-8814-3b0d4b88d06c,offen,306.50,0.00,0,0.00,0,none,consistent
9f46f3b9-9858-4082-b0c2-3e53c72f61d0,offen,541.43,0.00,0,0.00,0,none,consistent
9f9d4c39-773c-471a-ae38-d693d37ccc69,offen,555.49,0.00,0,0.00,0,none,consistent
9fb57247-8564-46fc-a699-75123faafb6c,bezahlt,75.75,75.75,75.75,0.00,0,seed,consistent
9fc613ce-ddce-47c4-aa9f-94b29287846d,offen,605.01,0.00,0,0.00,0,none,consistent
a017a889-6160-46d1-84ff-8ce493f5ecda,bezahlt,604.78,604.78,604.78,0.00,0,seed,consistent
a0577556-3725-4adf-b15f-fd63aaa2cfcd,bezahlt,425.97,425.97,425.97,0.00,0,seed,consistent
a079e4d4-45d3-46a3-89ad-4c0854246255,offen,84.79,0.00,0,0.00,0,none,consistent
a16b14aa-8433-4aff-924f-f5ebfa0a4c65,bezahlt,686.90,686.90,686.90,0.00,0,seed,consistent
a189baf2-bdc4-498e-8bad-7ef7633ecf8e,bezahlt,430.04,430.04,430.04,0.00,0,seed,consistent
a1b58650-51c2-4c09-8748-5b396258ccd5,bezahlt,943.00,943.00,943.00,0.00,0,seed,consistent
a1ccd23a-27f2-4376-8ab5-3ecedf6789a4,bezahlt,558.07,558.07,558.07,0.00,0,seed,consistent
a2492fb1-6740-4fbe-9648-4e1c3157765c,bezahlt,943.00,943.00,943.00,0.00,0,seed,consistent
a25db382-8d7a-4840-9aa1-d11af7d16ac6,bezahlt,577.60,577.60,577.60,0.00,0,seed,consistent
a298d2e1-867c-4a3e-9329-2ca79a73c899,bezahlt,639.39,639.39,639.39,0.00,0,seed,consistent
a2b62c25-1c08-4faf-9f49-0f422bfeef1b,bezahlt,604.78,604.78,604.78,0.00,0,seed,consistent
a3058baf-a252-4344-9a49-19028b07e19c,bezahlt,604.78,604.78,604.78,0.00,0,seed,consistent
a32969c4-ecff-4d55-a828-0b8993a28027,offen,77.55,0.00,0,0.00,0,none,consistent
a3ea0a03-06d4-485c-925b-77aab56063c0,bezahlt,484.51,484.51,484.51,0.00,0,seed,consistent
a40ba687-f5c6-4877-a211-f42446b7d6c5,offen,557.94,0.00,0,0.00,0,none,consistent
a4d7df54-6da6-4964-b0df-ad2d66e454f5,bezahlt,617.76,617.76,617.76,0.00,0,seed,consistent
a5091c15-4637-445b-9822-ad5d1881aba1,offen,410.31,0.00,0,0.00,0,none,consistent
a51b54ea-2b5c-4b5f-b0f8-51f3d464e2dd,offen,160.17,0.00,0,0.00,0,none,consistent
a53cfd97-84b7-440d-ba98-f42c0172fc1b,offen,46.96,0.00,0,0.00,0,none,consistent
a5b17e80-3c82-49c1-aa83-07935a48225e,offen,777.84,0.00,0,0.00,0,none,consistent
a64d9cb9-8b87-4e44-8b02-08f627454367,bezahlt,1104.80,1104.80,1104.80,0.00,0,seed,consistent
a6b834d4-d783-41f5-b936-a9259d5be771,bezahlt,104.78,104.78,104.78,0.00,0,seed,consistent
a6d2950e-6d84-4f66-8c36-9fa3cbd0f958,offen,111.67,0.00,0,0.00,0,none,consistent
a6fd870f-90d2-4eb1-90a5-6cfbc285d1d2,offen,605.71,0.00,0,0.00,0,none,consistent
a79d0a9d-a5a2-45e0-bc8a-859ea75f67c5,bezahlt,670.19,670.19,670.19,0.00,0,seed,consistent
a8157fc5-454c-4492-84a7-e249f6d7c897,bezahlt,820.01,820.01,820.01,0.00,0,seed,consistent
a831e276-4067-41a0-9783-924abc4b31d7,offen,82.31,0.00,0,0.00,0,none,consistent
a8406719-053c-4444-bf33-5e8ff62df6a0,bezahlt,555.31,555.31,555.31,0.00,0,seed,consistent
a87ad548-eff4-4de6-92b0-e2178f4421d5,offen,82.31,0.00,0,0.00,0,none,consistent
a899b7bf-a5c1-4fae-a8bd-4f70d2c6e694,offen,325.00,0.00,0,0.00,0,none,consistent
a8afff53-1d37-4e7a-a214-57e166008e2d,bezahlt,670.19,670.19,670.19,0.00,0,seed,consistent
a8ea0555-aff9-4b78-9c68-f29234f122da,bezahlt,1532.70,1532.70,1532.70,0.00,0,seed,consistent
a938a851-bee5-4c0a-9a33-5af574755f3b,bezahlt,558.07,558.07,558.07,0.00,0,seed,consistent
a93dc413-a496-47af-bbd8-299dac9cd7a6,offen,507.43,0.00,0,0.00,0,none,consistent
a96339dd-95f5-4984-b70c-dc443c33dba5,bezahlt,950.67,950.67,950.67,0.00,0,seed,consistent
a9cba15e-7169-4332-8d07-60ed5909ff39,offen,451.07,0.00,0,0.00,0,none,consistent
a9d88106-03b0-4146-9ca4-f1c551f300b7,bezahlt,130.64,130.64,130.64,0.00,0,seed,consistent
aa3ee87c-d04f-418c-aed8-43c6e6b2e175,offen,943.00,0.00,0,0.00,0,none,consistent
aaabc46e-44c3-4cc1-a8c3-223d6db86872,offen,850.00,0.00,0,0.00,0,none,consistent
aabca4e8-e565-49a5-828b-24dcc7b1e20e,offen,444.24,0.00,0,0.00,0,none,consistent
ac1aa698-0758-40cf-91c5-9b30bb28a2ea,bezahlt,920.62,920.62,920.62,0.00,0,seed,consistent
ac1ca612-2024-4cd6-84f2-7c2b90cb4b43,bezahlt,950.67,950.67,950.67,0.00,0,seed,consistent
ac230286-32c6-46a4-bbb0-7d4b92e2a89d,offen,77.55,0.00,0,0.00,0,none,consistent
ac6c148f-5058-4b5b-9a74-4b218ec36557,bezahlt,1532.70,1532.70,1532.70,0.00,0,seed,consistent
ac980446-d248-4b44-9ddb-fe2c2c3ee608,offen,451.07,0.00,0,0.00,0,none,consistent
accc3abe-9985-493b-9079-01835b856fa7,offen,670.70,0.00,0,0.00,0,none,consistent
ad276d2c-398c-4189-b295-a7ba6eebfc68,offen,507.43,0.00,0,0.00,0,none,consistent
ad3c84a4-977c-4bcc-9402-b78e18ea4559,offen,20.55,0.00,0,0.00,0,none,consistent
ad6d4f25-b548-4492-8ac9-304e16c7b06e,bezahlt,616.27,616.27,616.27,0.00,0,seed,consistent
ae0ce7d2-f001-4766-aaf6-3a16abf57606,offen,503.74,0.00,0,0.00,0,none,consistent
ae5c6fa8-0211-4ada-a45b-3354bdb27413,bezahlt,943.00,943.00,943.00,0.00,0,seed,consistent
ae7429a6-0c6f-4bcc-9ad8-d3577057d27d,offen,569.25,0.00,0,0.00,0,none,consistent
ae8e87ad-d092-4a66-b906-6a5fc3991478,offen,75.75,0.00,0,0.00,0,none,consistent
aebe2076-80cc-492b-ac45-6ddccad1e356,bezahlt,366.97,366.97,366.97,0.00,0,seed,consistent
aedf536b-f7ec-4f36-95a8-0f923434a350,bezahlt,617.76,617.76,617.76,0.00,0,seed,consistent
af452db5-597c-4b9d-9fef-ff27879f90b3,offen,373.50,0.00,0,0.00,0,none,consistent
af8374fd-8db5-48f1-83dd-94f0bd1fe0af,offen,89.85,0.00,0,0.00,0,none,consistent
aff27a0e-d161-4f66-9519-7d5cfdf38656,offen,160.17,0.00,0,0.00,0,none,consistent
aff99cc7-0a7f-4417-94f3-7b56ce0416ce,bezahlt,100.80,100.80,100.80,0.00,0,seed,consistent
b01d1b7c-6761-4d7d-9416-6c0316e2bafc,bezahlt,943.00,943.00,943.00,0.00,0,seed,consistent
b0d66379-2696-497a-9821-b69bf8d86481,bezahlt,140.20,140.20,140.20,0.00,0,seed,consistent
b0e88dc4-0371-4e56-93f4-d879d2e6ec0a,bezahlt,92.59,92.59,92.59,0.00,0,seed,consistent
b1331e1d-1d1e-4723-9966-251368294878,offen,521.00,0.00,0,0.00,0,none,consistent
b2365da9-a065-4aa4-91eb-b4c62470f518,offen,1776.34,0.00,0,0.00,0,none,consistent
b2610fa4-50b1-4602-a891-2fef41f6e032,offen,593.42,0.00,0,0.00,0,none,consistent
b27c4856-ca0b-47c1-874e-cdab52b52a08,bezahlt,160.17,160.17,160.17,0.00,0,seed,consistent
b2944b31-28c8-4722-837f-1b941243d133,offen,123.28,0.00,0,0.00,0,none,consistent
b2b0c158-88ab-4876-b395-cb674db92824,bezahlt,92.59,92.59,92.59,0.00,0,seed,consistent
b2b0de68-d92b-4013-b14b-a44278e0eef3,bezahlt,943.00,943.00,943.00,0.00,0,seed,consistent
b2bc1d48-e2c6-4b6d-b874-d83efc454d9d,bezahlt,1104.80,1104.80,1104.80,0.00,0,seed,consistent
b3788587-705a-4dda-8f91-a4d11500dd59,bezahlt,75.75,75.75,75.75,0.00,0,seed,consistent
b386a676-7351-42c7-a447-2760d5083172,offen,615.45,0.00,0,0.00,0,none,consistent
b41d7fb0-d521-426e-abf1-d1d2e8578912,bezahlt,686.90,686.90,686.90,0.00,0,seed,consistent
b43585e4-8fbb-4770-8f44-661dbdceb1c3,offen,416.30,0.00,0,0.00,0,none,consistent
b477a49e-5ff5-4c72-896c-6431c7f952ba,bezahlt,2089.37,2089.37,2089.37,0.00,0,seed,consistent
b50ecd46-ef58-4e0f-84b8-479eff9d08f9,offen,132.91,0.00,0,0.00,0,none,consistent
b59caa37-2444-4d5e-811c-b2efa62dc7c4,bezahlt,107.82,107.82,107.82,0.00,0,seed,consistent
b635d4a9-f222-4eba-9e23-1bdb68162f5f,bezahlt,92.59,92.59,92.59,0.00,0,seed,consistent
b65c2b7e-d20e-4c1d-ab25-4ce2614a8eec,bezahlt,104.78,104.78,104.78,0.00,0,seed,consistent
b67a4ce8-4d69-452b-bc97-3c933fd1db71,offen,638.18,0.00,0,0.00,0,none,consistent
b68af8d7-2e23-4812-abcc-d7f0432b9a19,offen,555.49,0.00,0,0.00,0,none,consistent
b7152f48-19d6-48aa-b941-97de2927ad55,offen,726.52,0.00,0,0.00,0,none,consistent
b7781405-841e-4fa4-92a1-4fa374a42d71,bezahlt,192.20,192.20,192.20,0.00,0,seed,consistent
b7ebd6a4-6a58-43c1-9116-3ddf06ff315a,bezahlt,433.38,433.38,433.38,0.00,0,seed,consistent
b7efafad-28ba-4bad-901b-6a6d7ecf2d1c,bezahlt,617.76,617.76,617.76,0.00,0,seed,consistent
b8401fb4-2bda-490d-b06b-5b6d9e11fd27,offen,86.76,0.00,0,0.00,0,none,consistent
b842dbf2-7599-427c-b428-af3753a8c695,bezahlt,112.42,112.42,112.42,0.00,0,seed,consistent
b864a4f8-b02d-47a2-bc33-b959346c70db,bezahlt,24.54,24.54,24.54,0.00,0,seed,consistent
b86f9a6c-fad9-4c84-81fb-99462e3e966f,offen,111.80,0.00,0,0.00,0,none,consistent
b8715cfe-1c95-45b4-b7d8-3cecff1f128c,bezahlt,555.31,555.31,555.31,0.00,0,seed,consistent
b8e5223e-5427-4cdd-9d79-2e6d17aab079,bezahlt,192.20,192.20,192.20,0.00,0,seed,consistent
b8f9080f-f3da-4c02-9ca4-e90ae4e5c8d7,offen,20.55,0.00,0,0.00,0,none,consistent
b905f14f-ac06-44fa-aeb6-1718e679ad7f,bezahlt,130.64,130.64,130.64,0.00,0,seed,consistent
b93e99d5-cb3d-41b8-8c0b-53cebe908451,bezahlt,604.78,604.78,604.78,0.00,0,seed,consistent
b94bcf76-ec2b-45b5-8b9e-70104a271e47,offen,54.41,0.00,0,0.00,0,none,consistent
b97f0d42-fe5f-438f-8d72-66b52307d6bd,offen,62.91,0.00,0,0.00,0,none,consistent
b97fcd7e-21ed-44ab-a405-59866ad572f1,bezahlt,1532.70,1532.70,1532.70,0.00,0,seed,consistent
b9ea50b5-8ae2-4878-8c32-64a78acb6b42,offen,451.07,0.00,0,0.00,0,none,consistent
ba0b068c-9744-4980-81d8-b3218eb6afbc,bezahlt,192.20,192.20,192.20,0.00,0,seed,consistent
ba1cddd2-023e-46dc-ad77-b514a87ab5cc,offen,429.29,0.00,0,0.00,0,none,consistent
ba8b353d-dbed-40cb-8543-e2c87bdc3149,offen,547.12,0.00,0,0.00,0,none,consistent
bab610fc-926e-44cd-86f1-8ca0fe455988,offen,125.96,0.00,0,0.00,0,none,consistent
bab61b5e-de85-4706-82a7-9b0371648aa5,offen,525.15,0.00,0,0.00,0,none,consistent
bac7d75a-f4fb-4a2d-81fd-b47dea3e504a,bezahlt,616.27,616.27,616.27,0.00,0,seed,consistent
bb3d2fbe-05a3-4e2f-a8d1-1cc91e082277,offen,765.82,0.00,0,0.00,0,none,consistent
bb40d5fb-2db0-49dd-9138-690c7aa8bce1,bezahlt,130.64,130.64,130.64,0.00,0,seed,consistent
bc155388-93d9-4007-9080-25e8b82c0618,offen,850.00,0.00,0,0.00,0,none,consistent
bc21f610-252a-44df-86bd-63ba3dd95162,bezahlt,24.66,24.66,24.66,0.00,0,seed,consistent
bc301d63-b0bf-49b1-94eb-698e3cff2c99,bezahlt,605.01,605.01,605.01,0.00,0,seed,consistent
bc4c6138-8f6b-4fc2-b1e2-86e292b850d7,offen,460.00,0.00,0,0.00,0,none,consistent
bc9298af-02ba-43ae-a545-256d85811671,bezahlt,688.81,688.81,688.81,0.00,0,seed,consistent
bca19c8f-bde0-4d23-adae-d2dccf7ca78c,offen,999.97,0.00,0,0.00,0,none,consistent
bca3e33d-2dc7-48b1-804e-536be8078399,offen,850.00,0.00,0,0.00,0,none,consistent
bd44467e-bea5-4275-a770-5e5f0729d9ad,bezahlt,92.59,92.59,92.59,0.00,0,seed,consistent
be1e513c-6c6c-4637-ad9a-69d0280a547b,bezahlt,130.64,130.64,130.64,0.00,0,seed,consistent
be2a304c-664d-4847-8bfc-34beb36c4c9b,bezahlt,555.31,555.31,555.31,0.00,0,seed,consistent
bea68d9b-bb6b-4cbc-ab9f-68416a59c8c5,bezahlt,605.03,605.03,605.03,0.00,0,seed,consistent
bf1d2ac4-3834-47b7-8df5-c0c641572081,bezahlt,820.01,820.01,820.01,0.00,0,seed,consistent
bf45fc8c-bdd0-4644-b63f-d2ed2b2fb715,bezahlt,558.07,558.07,558.07,0.00,0,seed,consistent
bf90d284-0fc9-4c0a-8724-67a660d2d3bf,bezahlt,943.00,943.00,943.00,0.00,0,seed,consistent
bfe31172-7fb0-487b-9226-064cf64749a4,offen,578.54,0.00,0,0.00,0,none,consistent
c14cc08f-2a90-4221-832f-860fb1b2b0a4,bezahlt,670.19,670.19,670.19,0.00,0,seed,consistent
c153d009-65b0-4f04-a298-dbe605e4942c,offen,751.26,0.00,0,0.00,0,none,consistent
c17d32da-b77a-4d4b-838c-28659d5cd9f6,bezahlt,920.62,920.62,920.62,0.00,0,seed,consistent
c1ddd60e-dae9-46d8-b646-cf885d3b0094,bezahlt,130.64,130.64,130.64,0.00,0,seed,consistent
c1e650be-c5d5-4ba9-b12b-1fcc0d68d5f9,offen,558.07,0.00,0,0.00,0,none,consistent
c1ea4517-e878-42d8-b52b-59c1ee094abc,bezahlt,24.54,24.54,24.54,0.00,0,seed,consistent
c24665dd-faec-4dfa-88e9-1aef9b0dd54e,offen,850.00,0.00,0,0.00,0,none,consistent
c2abbe3e-d0ff-4d4a-b2cd-7f1518a9fadb,offen,104.78,0.00,0,0.00,0,none,consistent
c2d11488-35b5-4125-8903-186797bbb5a0,offen,100.80,0.00,0,0.00,0,none,consistent
c32e428a-6434-4ccf-bf94-040d417b069f,offen,1624.68,0.00,0,0.00,0,none,consistent
c35ed0d5-d0a9-49cc-9fdd-be413e7a5fcb,bezahlt,558.07,558.07,558.07,0.00,0,seed,consistent
c35fc5ae-e6c8-4ba5-bc74-f765dc137064,bezahlt,459.98,459.98,459.98,0.00,0,seed,consistent
c3a0bbda-de4e-42eb-b248-ffb33ce2faef,offen,644.57,0.00,0,0.00,0,none,consistent
c423d8c4-ce83-4139-9063-dd951c6d35cf,bezahlt,820.01,820.01,820.01,0.00,0,seed,consistent
c42a3b65-cd1e-4d39-b753-94a065ee8537,bezahlt,617.76,617.76,617.76,0.00,0,seed,consistent
c4bbc07d-e437-42cc-997e-ab0f8a644a6a,bezahlt,605.01,605.01,605.01,0.00,0,seed,consistent
c50f035b-1ad6-413b-8f17-da611a243411,offen,618.55,0.00,0,0.00,0,none,consistent
c55216df-be04-4968-824f-e63c59518705,offen,820.01,0.00,0,0.00,0,none,consistent
c59a84d8-05d8-4e96-ad37-2c86a17891c7,offen,1367.31,0.00,0,0.00,0,none,consistent
c5c555fa-b9e9-4c4b-8fed-c88636fa8532,offen,765.82,0.00,0,0.00,0,none,consistent
c618baf7-8200-4f8e-adc7-69c5dbbd533b,offen,93.17,0.00,0,0.00,0,none,consistent
c6cc23d3-8ebf-4845-b3b4-8acf213aacae,bezahlt,498.43,498.43,498.43,0.00,0,seed,consistent
c6e88650-0e7a-497a-befb-e25c8b70abd2,offen,740.00,0.00,0,0.00,0,none,consistent
c7639933-d927-4391-9cce-85849ac36f3f,bezahlt,920.62,920.62,920.62,0.00,0,seed,consistent
c7c4034c-e805-46f9-89e6-478113ffb2fc,bezahlt,943.00,943.00,943.00,0.00,0,seed,consistent
c8006a6f-667f-4c2e-972b-1adbaf4b8dc1,bezahlt,1104.80,1104.80,1104.80,0.00,0,seed,consistent
c8933ca7-0df1-45c2-bcd6-314df6d8f17a,bezahlt,751.26,751.26,751.26,0.00,0,seed,consistent
c894aadb-2504-43cc-b4e2-6eb955890bd9,offen,547.12,0.00,0,0.00,0,none,consistent
c8a2142c-b01c-4b00-b9cc-1399947e14e6,bezahlt,920.62,920.62,920.62,0.00,0,seed,consistent
c8a64117-6fc4-4603-aff2-ec0295e8aa7a,offen,82.31,0.00,0,0.00,0,none,consistent
c8adf163-4dc0-4261-b89f-7ee61b9e111b,offen,679.72,0.00,0,0.00,0,none,consistent
c8d49354-0363-4d9a-be44-88f1f61f1cd3,bezahlt,509.48,509.48,509.48,0.00,0,seed,consistent
c9004c12-6427-4286-bd99-c2a0ae9d255a,offen,162.73,0.00,0,0.00,0,none,consistent
c92474ae-69c4-4487-97a7-7adbfe6d1e77,bezahlt,943.00,943.00,943.00,0.00,0,seed,consistent
c9700324-1fea-4195-a82a-429ae592df8d,offen,973.12,0.00,0,0.00,0,none,consistent
c98a691a-f775-4ea2-9d09-f4249a66d725,bezahlt,617.76,617.76,617.76,0.00,0,seed,consistent
c9ad1a63-55d6-41d2-8677-54ea3ceafcec,offen,1367.31,0.00,0,0.00,0,none,consistent
c9ca6b3d-df14-4415-9dd9-5c6571b9af08,bezahlt,555.31,555.31,555.31,0.00,0,seed,consistent
ca1963ea-090e-4a3b-8de9-9e67f786acf3,offen,452.28,0.00,0,0.00,0,none,consistent
ca3d755e-2f22-4f64-8449-097de1f8860a,bezahlt,24.54,24.54,24.54,0.00,0,seed,consistent
caa859dc-4116-4328-8f76-b629a10c60d9,bezahlt,639.39,639.39,639.39,0.00,0,seed,consistent
cacb1100-ee9e-45e6-ba7a-88a2ed7932e8,offen,859.63,0.00,0,0.00,0,none,consistent
cb518aa5-3176-4a76-b40f-d3209bafe107,bezahlt,670.19,670.19,670.19,0.00,0,seed,consistent
cb5bb134-00fd-4715-b09c-4e31beb392e6,bezahlt,498.43,498.43,498.43,0.00,0,seed,consistent
cb67718c-d376-4cb8-871f-52dea4217644,bezahlt,430.04,430.04,430.04,0.00,0,seed,consistent
cc33c78e-a16b-4319-8cca-21c4e6aadacc,bezahlt,104.78,104.78,104.78,0.00,0,seed,consistent
cc4af598-28cf-402b-919c-8b91ae726f81,offen,521.00,0.00,0,0.00,0,none,consistent
cc582f1f-2c42-4d39-a57a-1ec388cf13c1,bezahlt,943.00,943.00,943.00,0.00,0,seed,consistent
ccbb151f-b1b6-4c11-83d3-de49e081ddb0,bezahlt,721.39,721.39,721.39,0.00,0,seed,consistent
ccd3da70-0f2f-4ab9-af5c-477cdcf72ed0,bezahlt,0.00,0.00,0,0.00,0,none,consistent
ccf88d12-e7e0-463e-b7e8-34883d27f9bc,bezahlt,112.42,112.42,112.42,0.00,0,seed,consistent
cd39313e-308f-44af-844e-a114feb4d66c,bezahlt,920.62,920.62,920.62,0.00,0,seed,consistent
cd91586a-b056-4897-89e8-1ab6eb1c13aa,offen,1854.78,0.00,0,0.00,0,none,consistent
cdd45414-a881-4eb0-8ea4-f48927a3706f,bezahlt,605.01,605.01,605.01,0.00,0,seed,consistent
ce887ad8-6d51-4305-bdad-4cec8d3de7c0,bezahlt,498.43,498.43,498.43,0.00,0,seed,consistent
ceeb5035-e6ac-4119-9c53-9c6188dea6e8,offen,605.71,0.00,0,0.00,0,none,consistent
cef4b55e-2db7-4c0c-ab37-c9ff90d24f5e,bezahlt,639.39,639.39,639.39,0.00,0,seed,consistent
cf20ae4e-6973-4a23-bcdb-52e29c78d94d,bezahlt,130.64,130.64,130.64,0.00,0,seed,consistent
cf269463-eb0d-481f-acbf-be0196b60853,offen,414.31,0.00,0,0.00,0,none,consistent
cfc543e0-d858-4c46-aa2b-5a62382a2086,offen,266.05,0.00,0,0.00,0,none,consistent
d00edb7a-1000-4e7c-a468-db7f48b6cf9c,offen,493.48,0.00,0,0.00,0,none,consistent
d053268b-8040-4163-ba60-7f10514be5c8,bezahlt,820.01,820.01,820.01,0.00,0,seed,consistent
d0714143-d8d5-4cf5-9474-63b5e5be1f60,bezahlt,751.26,751.26,751.26,0.00,0,seed,consistent
d07d5260-7e43-457b-a01c-0b825125a4c8,bezahlt,616.27,616.27,616.27,0.00,0,seed,consistent
d0fba0fc-3e72-4741-b0af-91638c4db021,offen,605.71,0.00,0,0.00,0,none,consistent
d11e2288-53dc-4261-87c9-170a51fb324f,bezahlt,192.20,192.20,192.20,0.00,0,seed,consistent
d125a5fb-f55a-4795-8aac-2328921a88ae,offen,987.78,0.00,0,0.00,0,none,consistent
d141328a-fcf9-4536-bb4a-6206c0daae4b,offen,20.55,0.00,0,0.00,0,none,consistent
d1f73d1d-10c8-4e87-8711-58f8012e6002,bezahlt,721.39,721.39,721.39,0.00,0,seed,consistent
d2020795-2361-4535-9f29-8a4aee49b94b,bezahlt,1105.65,1105.65,1105.65,0.00,0,seed,consistent
d2d26c67-0ed1-42ae-bd18-1392b3a2bd38,offen,92.59,0.00,0,0.00,0,none,consistent
d2da5ddf-9513-4d3a-9bc1-f4a261014cda,bezahlt,604.78,604.78,604.78,0.00,0,seed,consistent
d2f5070e-f6d1-4c0b-86d5-51bfa17a1679,offen,618.55,0.00,0,0.00,0,none,consistent
d2f5c9c6-c20c-4357-9f38-48592c2b36f2,bezahlt,755.09,755.09,755.09,0.00,0,seed,consistent
d3266e9f-a584-47b7-af9c-37a5c7d218a7,offen,101.75,0.00,0,0.00,0,none,consistent
d3aec320-7635-408f-9129-514bb0a7ef20,offen,638.18,0.00,0,0.00,0,none,consistent
d3b54a42-c442-4bb8-96c4-b96959984ed2,bezahlt,535.49,535.49,535.49,0.00,0,seed,consistent
d45cc5ce-1afc-4c97-81fb-df39ee6d5a8f,offen,617.33,0.00,0,0.00,0,none,consistent
d461ce5e-41bd-46e6-b1ea-d4c6d50b25c5,bezahlt,92.59,92.59,92.59,0.00,0,seed,consistent
d4a82d25-64cb-4608-9c98-e462c02beaf7,offen,112.42,0.00,0,0.00,0,none,consistent
d52ce596-0a2d-43f6-a5f9-7b3ccdf0bed8,offen,1367.31,0.00,0,0.00,0,none,consistent
d55254e3-9e66-4b20-8e8b-e53f6abe49a8,offen,20.45,0.00,0,0.00,0,none,consistent
d586c57f-3126-45c4-a885-d31bb3f04a97,bezahlt,670.19,670.19,670.19,0.00,0,seed,consistent
d5b1316d-443c-4d2f-b52b-cfac4ba49eb8,bezahlt,605.01,605.01,605.01,0.00,0,seed,consistent
d5e477ce-b6de-4158-b37c-19df63c92aa8,offen,306.50,0.00,0,0.00,0,none,consistent
d615c45f-66e1-43fd-9f8b-54d1b4aa1b6e,bezahlt,604.78,604.78,604.78,0.00,0,seed,consistent
d65c2689-4b68-4b90-9010-fc135136d489,offen,266.05,0.00,0,0.00,0,none,consistent
d6a42c34-94fd-4153-b799-57d9ee266015,offen,1090.83,0.00,0,0.00,0,none,consistent
d6d026f7-056c-4607-837e-16af828a7a40,offen,569.25,0.00,0,0.00,0,none,consistent
d76280ad-7364-40a0-8751-422d9dc7fc46,offen,943.00,0.00,0,0.00,0,none,consistent
d874a80d-035b-4ebc-b66a-b29defd495c8,bezahlt,943.00,943.00,943.00,0.00,0,seed,consistent
d913e98c-c2db-4796-9939-47c8e26b9870,offen,920.62,0.00,0,0.00,0,none,consistent
d954b219-be6f-481f-bbc2-30982a8efe4c,offen,20.45,0.00,0,0.00,0,none,consistent
d988c3db-677e-40dc-b194-128fe2fcceee,bezahlt,605.01,605.01,605.01,0.00,0,seed,consistent
d98a21e3-793a-4ed3-98be-3c944c459888,bezahlt,644.57,644.57,644.57,0.00,0,seed,consistent
da32f323-ff36-4e77-8e58-7a4592fbeb60,offen,850.00,0.00,0,0.00,0,none,consistent
da845bab-e9b3-48af-a113-308e8984b7cf,bezahlt,0.00,0.00,0,0.00,0,none,consistent
dab1a94f-03f3-4be0-8668-b51eb693b0af,offen,20.62,0.00,0,0.00,0,none,consistent
dac508e7-0411-4822-b2cd-995b48044dff,bezahlt,920.62,920.62,920.62,0.00,0,seed,consistent
dacc3c14-cbff-4f4e-a8c6-db8c1f71c669,bezahlt,474.79,474.79,474.79,0.00,0,seed,consistent
db0d49a2-ec54-41dc-a29a-37b0bf125f0c,offen,451.07,0.00,0,0.00,0,none,consistent
db2fedd5-3863-4fed-8262-2c87610cd18d,bezahlt,92.59,92.59,92.59,0.00,0,seed,consistent
dbc2638a-a4a8-4194-835b-1cfe40af5f97,offen,547.12,0.00,0,0.00,0,none,consistent
dbe338a9-ceb7-46bb-bb76-a739fb933410,offen,681.02,0.00,0,0.00,0,none,consistent
dc213c2c-795e-49b0-a43f-3ae502ac8cd9,offen,605.01,0.00,0,0.00,0,none,consistent
dcac0e41-b6cf-4914-ba97-375d370c6db7,offen,20.45,0.00,0,0.00,0,none,consistent
dcf65e8d-534e-4f67-b351-d39fd70a6e20,offen,1839.78,0.00,0,0.00,0,none,consistent
dd08d506-a3d7-43cc-a1f3-7f91911fa54e,offen,474.79,0.00,0,0.00,0,none,consistent
dd70b9be-feb4-4d0e-bcfc-ebe941afcb19,offen,920.62,0.00,0,0.00,0,none,consistent
dd7d8c32-63fd-47a5-8926-1bcb66baf2e0,bezahlt,497.75,497.75,497.75,0.00,0,seed,consistent
ddb22527-b44c-4dcc-8f0d-f8be04f2db69,bezahlt,616.27,616.27,616.27,0.00,0,seed,consistent
ded49fb2-c589-4a31-bb0e-e9a3d8acf067,offen,605.91,0.00,0,0.00,0,none,consistent
deefdef3-034f-44b8-a5ae-43a776ab7c66,bezahlt,555.31,555.31,555.31,0.00,0,seed,consistent
df25ecb6-4b0a-41dd-9d0f-6c7ec1913afe,offen,618.55,0.00,0,0.00,0,none,consistent
dfb3bab9-7d77-4687-83b6-00c08f9338aa,bezahlt,751.26,751.26,751.26,0.00,0,seed,consistent
dfd34a8e-247e-4cae-9224-2e360c7f82a0,bezahlt,686.90,686.90,686.90,0.00,0,seed,consistent
e0095f69-69ea-43d2-af3c-9cf8549597f0,offen,430.04,0.00,0,0.00,0,none,consistent
e0d0f4ea-0b8f-43ee-a0fe-7e67cace4274,bezahlt,130.64,130.64,130.64,0.00,0,seed,consistent
e0e82a93-2ffb-40eb-8916-c54bc4c8dbeb,bezahlt,430.04,430.04,430.04,0.00,0,seed,consistent
e0fb3bc0-6eb1-43ee-b709-d1b7e3ecc54a,offen,89.85,0.00,0,0.00,0,none,consistent
e11b1d09-977b-4d1e-982b-a95bd5bf58b7,bezahlt,92.59,92.59,92.59,0.00,0,seed,consistent
e1430458-9ab4-452f-be25-45fc27f6c661,bezahlt,943.00,943.00,943.00,0.00,0,seed,consistent
e183c529-90c2-4aef-8172-86540dcb5a89,bezahlt,112.42,112.42,112.42,0.00,0,seed,consistent
e1a3eae4-8813-4e98-a709-620074f219fe,bezahlt,656.64,656.64,656.64,0.00,0,seed,consistent
e1df2334-91eb-4daa-8a51-13e9a1aa076a,offen,1333.64,0.00,0,0.00,0,none,consistent
e21f8032-5660-48f4-ae68-48fd045143a3,offen,1839.78,0.00,0,0.00,0,none,consistent
e2c1a142-e955-4890-a3ad-18d64af35157,offen,581.96,0.00,0,0.00,0,none,consistent
e34f33fd-9f76-4e1f-ace7-f658410bc45b,bezahlt,98.77,98.77,98.77,0.00,0,seed,consistent
e3fa5aa0-e86c-4173-a24d-264b700ea5d1,offen,618.55,0.00,0,0.00,0,none,consistent
e4038bb9-b76a-429c-84f7-a3d42b262c62,bezahlt,820.01,820.01,820.01,0.00,0,seed,consistent
e4655284-ad65-4358-94bc-82d8fdb6c4f9,offen,472.83,0.00,0,0.00,0,none,consistent
e48c1820-3442-4d70-835d-c40503f66391,bezahlt,617.76,617.76,617.76,0.00,0,seed,consistent
e4e1537e-a99d-4d7d-920e-c0249cb406c6,bezahlt,605.01,605.01,605.01,0.00,0,seed,consistent
e5036359-0659-41ce-9e04-35202d8177e8,offen,1016.05,0.00,0,0.00,0,none,consistent
e5597dcb-5c1f-4118-ac4a-a656c8d01e59,bezahlt,430.04,430.04,430.04,0.00,0,seed,consistent
e58c318b-2732-436a-884f-6d8659510be8,bezahlt,2089.37,2089.37,2089.37,0.00,0,seed,consistent
e5f714a3-8658-4ef0-a06b-430197a822ea,bezahlt,820.64,820.64,820.64,0.00,0,seed,consistent
e60411bf-098a-433d-b071-56b66d323717,offen,552.34,0.00,0,0.00,0,none,consistent
e605e13d-3b2d-4c08-8568-004acef85909,offen,503.74,0.00,0,0.00,0,none,consistent
e711fbeb-4cd2-4a88-9cd1-741d9cb263f1,bezahlt,535.49,535.49,535.49,0.00,0,seed,consistent
e716f4ab-9e7c-4fa2-b3b9-ce246a6a76b3,bezahlt,75.75,75.75,75.75,0.00,0,seed,consistent
e718ff67-fa18-4be6-b2a9-0a1a21cfdcbd,bezahlt,950.67,950.67,950.67,0.00,0,seed,consistent
e7474e81-8d48-4e4f-8a71-1846f1fc34c4,offen,683.04,0.00,0,0.00,0,none,consistent
e7eb2046-b528-420f-a064-0ca6ee4ee5bd,bezahlt,100.80,100.80,100.80,0.00,0,seed,consistent
e82c55e6-5e18-4a72-ba38-cceebc2da68e,offen,389.51,0.00,0,0.00,0,none,consistent
e8b462bb-4471-4644-bc74-6c4c01fd9489,offen,92.59,0.00,0,0.00,0,none,consistent
e8cf1d61-63e6-4a4a-8717-7ad3c0388f56,offen,656.64,0.00,0,0.00,0,none,consistent
e8f0f173-6e9c-431c-bcfc-3c93e6b817c7,bezahlt,1104.80,1104.80,1104.80,0.00,0,seed,consistent
e90a0737-a114-4c83-8fd9-b4082a7a1c55,offen,460.00,0.00,0,0.00,0,none,consistent
e9489926-c455-4c1d-b508-56fbc6107e9f,bezahlt,459.98,459.98,459.98,0.00,0,seed,consistent
e96afccc-dd1e-4ba0-84af-bb61ed2f67f5,offen,547.12,0.00,0,0.00,0,none,consistent
e9a4138f-2a94-42d0-ac03-619af16c0474,bezahlt,943.00,943.00,943.00,0.00,0,seed,consistent
e9dca2c2-88ee-4623-a541-41f9e64030a6,bezahlt,60.59,60.59,60.59,0.00,0,seed,consistent
ea1e98fd-4f02-4476-aaa9-16a3b44e3ce8,bezahlt,496.18,496.18,496.18,0.00,0,seed,consistent
eacbb8c0-ee0a-45f0-973b-825f6a48061d,bezahlt,430.04,430.04,430.04,0.00,0,seed,consistent
eae8c239-9cb5-4766-bee9-9796b5dd4448,offen,503.24,0.00,0,0.00,0,none,consistent
eb48630e-b1bb-4286-a96b-5086ee2a1b20,bezahlt,555.31,555.31,555.31,0.00,0,seed,consistent
ebee17b6-17b1-40c4-9afb-1a7784eb1149,bezahlt,943.00,943.00,943.00,0.00,0,seed,consistent
ebf39ac3-259e-44a9-8ab3-e373aa405f80,bezahlt,484.51,484.51,484.51,0.00,0,seed,consistent
ebfe5616-5c4c-455f-b393-b0aef0f88a38,bezahlt,555.31,555.31,555.31,0.00,0,seed,consistent
ec27da57-f314-415d-93fe-8573c04ad6fc,offen,943.00,0.00,0,0.00,0,none,consistent
ec594b3b-5041-4cc9-96cb-3631ac978a36,bezahlt,584.09,584.09,584.09,0.00,0,seed,consistent
ec5c0c97-f643-46cf-9613-6d6dd8abf8ea,offen,116.83,0.00,0,0.00,0,none,consistent
ec827d24-662d-436e-8ad2-d2bf0818be02,bezahlt,24.54,24.54,24.54,0.00,0,seed,consistent
ecc74a7c-a1dc-4572-afc1-59eb7e970478,offen,476.45,0.00,0,0.00,0,none,consistent
ed40aa95-d1e2-4876-bee2-243d4c736938,offen,999.97,0.00,0,0.00,0,none,consistent
ed458772-2da3-4ecd-8802-d79f7560c6ad,offen,396.73,0.00,0,0.00,0,none,consistent
ed9e7de0-9719-4103-83f0-1aba58be7fea,offen,486.90,0.00,0,0.00,0,none,consistent
edf5d8c4-ce07-461d-9e9d-edd10181ca0f,bezahlt,1532.70,1532.70,1532.70,0.00,0,seed,consistent
ee7ae611-1615-454d-8753-d884c2bb9d91,offen,850.00,0.00,0,0.00,0,none,consistent
ee956de3-0f07-4fc4-8fd8-b8cf7dc04d76,bezahlt,656.64,656.64,656.64,0.00,0,seed,consistent
eed6c447-d17b-4a06-847b-395de4e7639c,offen,2207.74,0.00,0,0.00,0,none,consistent
eefb85ef-815e-4236-8022-627c42e54d88,offen,850.00,0.00,0,0.00,0,none,consistent
ef1ce8e0-14ab-4694-a496-1d6f6e76a193,bezahlt,950.67,950.67,950.67,0.00,0,seed,consistent
ef6c2372-9761-4430-a297-6f8313290ce7,offen,540.98,0.00,0,0.00,0,none,consistent
f0050074-e49c-4006-9d54-66251e1e7bb7,offen,681.30,0.00,0,0.00,0,none,consistent
f02c70d5-1842-4502-9073-73955058bf98,offen,551.00,0.00,0,0.00,0,none,consistent
f0d87e60-4414-4fdd-9fc3-1d341ebe618c,bezahlt,721.39,721.39,721.39,0.00,0,seed,consistent
f1c01365-f2c9-498a-a1f2-f1b740274ebc,offen,1367.31,0.00,0,0.00,0,none,consistent
f3227db2-d63e-411e-a39c-5f12041b53a6,bezahlt,92.59,92.59,92.59,0.00,0,seed,consistent
f32ddee5-75fc-428d-a665-2d292b4d9791,offen,89.85,0.00,0,0.00,0,none,consistent
f36f170a-c6b3-4d50-beff-219936c8c13e,offen,655.93,0.00,0,0.00,0,none,consistent
f39c0128-cb96-416e-ab0b-84f7f8dc84fd,bezahlt,501.00,501.00,501.00,0.00,0,seed,consistent
f4947975-5e96-4513-9184-68caa5536c32,bezahlt,751.26,751.26,751.26,0.00,0,seed,consistent
f49851a1-9505-473e-a8ae-9d37d2cd85b0,bezahlt,1532.70,1532.70,1532.70,0.00,0,seed,consistent
f4d1b2ab-8f6f-4fdb-a9da-f8840146db5b,offen,486.90,0.00,0,0.00,0,none,consistent
f4eebeff-de62-410a-9e10-0775855d5a33,bezahlt,616.27,616.27,616.27,0.00,0,seed,consistent
f50f6938-0cfe-4315-9fa7-3b1ae3fd74e6,bezahlt,943.00,943.00,943.00,0.00,0,seed,consistent
f5261c34-d927-4af7-aa43-d48b82d984e6,bezahlt,656.64,656.64,656.64,0.00,0,seed,consistent
f5696b85-3736-4138-ba6c-67001ade9687,bezahlt,112.42,112.42,112.42,0.00,0,seed,consistent
f5ee10b7-2597-44f9-88bd-722b00f3399a,bezahlt,804.34,804.34,804.34,0.00,0,seed,consistent
f6018c89-af17-4d9f-8582-d907eee540a1,bezahlt,617.76,617.76,617.76,0.00,0,seed,consistent
f659d4af-72b4-4485-b054-a744a3d68a96,bezahlt,498.43,498.43,498.43,0.00,0,seed,consistent
f6e29d9e-61ef-4854-a3a4-f5aa7ffdd6c5,offen,22.98,0.00,0,0.00,0,none,consistent
f77fd349-0d6d-4dc3-9ea3-73d3f01cee08,offen,451.07,0.00,0,0.00,0,none,consistent
f7d7e8dd-7487-4d91-a8f9-c46fa7bd8561,offen,989.10,0.00,0,0.00,0,none,consistent
f7e98992-8e80-4612-8c13-ccd1121bbb25,bezahlt,820.64,820.64,820.64,0.00,0,seed,consistent
f80bd76a-03ce-446c-9dc1-c63049bac1ff,bezahlt,75.75,75.75,75.75,0.00,0,seed,consistent
f839162d-a5ee-43e0-9669-9b3546a73b21,offen,548.76,0.00,0,0.00,0,none,consistent
f8535b05-df54-4dd5-b989-23acd585ef50,offen,381.29,0.00,0,0.00,0,none,consistent
f89efb84-7b98-4b9d-9b38-312ffe81549b,offen,416.30,0.00,0,0.00,0,none,consistent
f8a02fbe-567b-48f4-8b69-d910a9d8a965,bezahlt,943.00,943.00,943.00,0.00,0,seed,consistent
f8bc24ef-41d6-4164-a5f6-c0d0efe3f799,offen,618.55,0.00,0,0.00,0,none,consistent
f908e10e-a141-49b8-8b31-e5bd5ff06202,bezahlt,112.42,112.42,112.42,0.00,0,seed,consistent
f91f5614-7450-4396-878c-c9987e27faa9,bezahlt,943.00,943.00,943.00,0.00,0,seed,consistent
f9291f73-cd4e-4747-aa6d-93ed0ccd77bb,offen,503.74,0.00,0,0.00,0,none,consistent
f95b0a77-2692-4d9e-96b4-e6a6fca2b882,bezahlt,100.80,100.80,100.80,0.00,0,seed,consistent
f96604f2-cca9-4282-8836-ddd16ca39383,offen,24.54,0.00,0,0.00,0,none,consistent
f97058f7-3982-449f-98d3-971c57b58401,bezahlt,0.00,0.00,0,0.00,0,none,consistent
f9e61df9-862d-4630-9869-f58a05ccd31e,offen,832.71,0.00,0,0.00,0,none,consistent
fa5d92c5-3a7a-4686-854f-e968c5f22eac,bezahlt,100.80,100.80,100.80,0.00,0,seed,consistent
fa8f1397-3407-4ebc-a75e-317e76180c9f,bezahlt,920.62,920.62,920.62,0.00,0,seed,consistent
fac2d831-6f61-48d7-83e7-f12a6387beb6,offen,381.29,0.00,0,0.00,0,none,consistent
fbdc86e0-c2c0-4ef4-9d52-cf00f664a8b2,offen,610.90,0.00,0,0.00,0,none,consistent
fbf8ebf3-21e0-483b-984f-81b282b7c4b1,offen,305.90,0.00,0,0.00,0,none,consistent
fc25f6a8-cb65-4d85-9c7b-886b64fc6965,bezahlt,721.39,721.39,721.39,0.00,0,seed,consistent
fcd99638-e6e4-47b8-a5ae-76d5d1a9dbc6,offen,558.07,0.00,0,0.00,0,none,consistent
fd318713-d26d-4611-ae4b-87d1a5ee93cc,offen,740.00,0.00,0,0.00,0,none,consistent
fd8ef2c6-bd88-4d62-8857-2cabcbec58df,offen,999.97,0.00,0,0.00,0,none,consistent
fda36819-1236-4827-939d-bf48044756f2,offen,503.24,0.00,0,0.00,0,none,consistent
fdb0badf-4afe-4fbc-9a8b-7d25b5cc776a,offen,557.94,0.00,0,0.00,0,none,consistent
fe2fca91-a6c8-46bc-9f21-4a6ff644c861,bezahlt,1532.70,1532.70,1532.70,0.00,0,seed,consistent
fe32b8fe-3f5c-49a5-b7fe-c5b39f01651a,bezahlt,498.43,498.43,498.43,0.00,0,seed,consistent
fe512d7f-11c2-47f6-bdc8-15144c0025f4,offen,416.30,0.00,0,0.00,0,none,consistent
fe721d41-ab33-40c9-a5da-a0fc5da6f4e5,bezahlt,820.64,820.64,820.64,0.00,0,seed,consistent
ff1aa25f-8503-4e64-852d-61b5b30d20f4,offen,67.00,0.00,0,0.00,0,none,consistent
ff226451-f23e-4df3-ab62-7e410fa9439b,offen,546.29,0.00,0,0.00,0,none,consistent
ff2b9871-3ade-47a3-9ca1-c3d4edc0b77d,offen,850.00,0.00,0,0.00,0,none,consistent
ffcea2fb-ee6f-424e-b35c-6393549c93c2,offen,1640.77,0.00,0,0.00,0,none,consistent
fff59997-d602-4bdf-a88e-3c6977500006,bezahlt,751.26,751.26,751.26,0.00,0,seed,consistent
